# SLARC V8.26-footclamp | rise=0.100 run=0.250 | balance=AN foothold=AN freeze=AN entry=AN | G_Z=-0.120 G_STEP=0.060
t,frame,mode,bx,by,bz,roll,pitch,yaw,vx,vy,vz,wx,wy,wz,cmd_vx,cmd_yaw,roll_bal,pitch_bal,est_roll,est_pitch,est_yaw,est_height,frozen,front_right_fx,front_right_fy,front_right_fz,front_right_contact,front_right_force,front_right_tau_coxa,front_right_tau_femur,front_right_tau_tibia,front_right_state,front_right_th_c,front_right_th_f,front_right_th_t,front_right_rfx,front_right_rfy,front_right_rfz,front_left_fx,front_left_fy,front_left_fz,front_left_contact,front_left_force,front_left_tau_coxa,front_left_tau_femur,front_left_tau_tibia,front_left_state,front_left_th_c,front_left_th_f,front_left_th_t,front_left_rfx,front_left_rfy,front_left_rfz,mid_right_fx,mid_right_fy,mid_right_fz,mid_right_contact,mid_right_force,mid_right_tau_coxa,mid_right_tau_femur,mid_right_tau_tibia,mid_right_state,mid_right_th_c,mid_right_th_f,mid_right_th_t,mid_right_rfx,mid_right_rfy,mid_right_rfz,mid_left_fx,mid_left_fy,mid_left_fz,mid_left_contact,mid_left_force,mid_left_tau_coxa,mid_left_tau_femur,mid_left_tau_tibia,mid_left_state,mid_left_th_c,mid_left_th_f,mid_left_th_t,mid_left_rfx,mid_left_rfy,mid_left_rfz,rear_right_fx,rear_right_fy,rear_right_fz,rear_right_contact,rear_right_force,rear_right_tau_coxa,rear_right_tau_femur,rear_right_tau_tibia,rear_right_state,rear_right_th_c,rear_right_th_f,rear_right_th_t,rear_right_rfx,rear_right_rfy,rear_right_rfz,rear_left_fx,rear_left_fy,rear_left_fz,rear_left_contact,rear_left_force,rear_left_tau_coxa,rear_left_tau_femur,rear_left_tau_tibia,rear_left_state,rear_left_th_c,rear_left_th_f,rear_left_th_t,rear_left_rfx,rear_left_rfy,rear_left_rfz
0.000,4,tripod,-0.0000,0.0006,0.1349,0.0000,0.0000,0.0000,0.0000,0.0004,-0.0004,-0.0001,-0.0001,-0.0000,0.000,0.000,0.0000,0.0000,0.0000,0.0000,0.0000,0.1200,0,0.3028,-0.1915,0.0148,1,2.07,0.080,0.523,0.251,,-0.0000,-0.1720,1.7318,0.3027,-0.1920,-0.1200,0.3029,0.1927,0.0148,1,2.13,0.090,0.541,0.259,,0.0000,-0.1720,1.7316,0.3027,0.1921,-0.1200,-0.0000,-0.3486,0.0148,1,2.11,0.001,0.547,0.269,,-0.0000,-0.1720,1.7316,-0.0000,-0.3491,-0.1200,-0.0000,0.3498,0.0148,1,2.10,0.001,0.542,0.267,,0.0000,-0.1720,1.7318,-0.0000,0.3491,-0.1200,-0.3029,-0.1915,0.0148,1,2.11,0.063,0.534,0.256,,0.0000,-0.1720,1.7315,-0.3027,-0.1921,-0.1200,-0.3029,0.1928,0.0148,1,2.09,0.074,0.529,0.255,,-0.0000,-0.1720,1.7313,-0.3028,0.1921,-0.1200
0.022,8,tripod,-0.0000,0.0006,0.1348,0.0000,0.0000,0.0000,-0.0000,0.0003,-0.0009,-0.0001,-0.0001,-0.0000,0.000,0.000,0.0000,0.0000,0.0000,0.0000,0.0000,0.1200,0,0.3019,-0.1909,0.0148,1,2.08,0.080,0.524,0.248,,-0.0000,-0.1720,1.7392,0.3018,-0.1915,-0.1200,0.3019,0.1922,0.0148,1,2.13,0.091,0.537,0.254,,0.0000,-0.1720,1.7390,0.3018,0.1915,-0.1200,-0.0000,-0.3475,0.0148,1,2.12,0.001,0.547,0.265,,-0.0000,-0.1720,1.7390,-0.0000,-0.3480,-0.1200,-0.0000,0.3487,0.0148,1,2.11,0.003,0.544,0.264,,0.0000,-0.1720,1.7391,-0.0000,0.3480,-0.1200,-0.3019,-0.1910,0.0148,1,2.11,0.062,0.533,0.252,,0.0000,-0.1720,1.7389,-0.3018,-0.1915,-0.1200,-0.3019,0.1922,0.0148,1,2.09,0.075,0.527,0.250,,-0.0000,-0.1720,1.7387,-0.3018,0.1915,-0.1200
0.043,12,tripod,-0.0000,0.0006,0.1348,0.0000,0.0000,0.0000,-0.0000,0.0002,-0.0012,-0.0000,-0.0001,-0.0000,0.000,0.000,0.0000,0.0000,0.0000,0.0000,0.0000,0.1200,0,0.3011,-0.1905,0.0148,1,2.07,0.079,0.521,0.243,,-0.0000,-0.1721,1.7449,0.3010,-0.1911,-0.1200,0.3011,0.1917,0.0148,1,2.13,0.091,0.536,0.250,,0.0000,-0.1720,1.7447,0.3010,0.1911,-0.1200,-0.0000,-0.3466,0.0148,1,2.13,0.002,0.549,0.263,,-0.0000,-0.1720,1.7448,-0.0000,-0.3471,-0.1200,-0.0000,0.3478,0.0148,1,2.12,0.004,0.545,0.261,,0.0000,-0.1720,1.7449,-0.0000,0.3471,-0.1200,-0.3011,-0.1905,0.0148,1,2.11,0.061,0.531,0.248,,0.0000,-0.1720,1.7447,-0.3010,-0.1911,-0.1200,-0.3012,0.1917,0.0148,1,2.09,0.076,0.525,0.246,,-0.0000,-0.1721,1.7445,-0.3011,0.1911,-0.1200
0.066,16,tripod,-0.0000,0.0006,0.1348,0.0000,0.0000,0.0000,-0.0000,0.0001,-0.0012,-0.0000,-0.0000,-0.0000,0.000,0.000,0.0000,0.0000,0.0000,0.0000,0.0000,0.1200,0,0.3005,-0.1901,0.0148,1,2.07,0.079,0.520,0.241,,-0.0000,-0.1721,1.7494,0.3004,-0.1907,-0.1200,0.3005,0.1914,0.0148,1,2.13,0.092,0.537,0.248,,0.0000,-0.1721,1.7493,0.3004,0.1907,-0.1200,-0.0000,-0.3459,0.0148,1,2.14,0.004,0.548,0.260,,-0.0000,-0.1721,1.7493,-0.0000,-0.3464,-0.1200,-0.0000,0.3471,0.0148,1,2.11,0.006,0.541,0.257,,0.0000,-0.1721,1.7494,-0.0000,0.3464,-0.1200,-0.3005,-0.1902,0.0148,1,2.11,0.060,0.530,0.245,,0.0000,-0.1721,1.7492,-0.3005,-0.1907,-0.1200,-0.3005,0.1914,0.0148,1,2.10,0.077,0.526,0.244,,-0.0000,-0.1721,1.7491,-0.3005,0.1907,-0.1200
0.087,20,tripod,-0.0000,0.0006,0.1348,0.0000,0.0000,-0.0000,-0.0000,0.0001,-0.0012,-0.0000,-0.0000,-0.0000,0.000,0.000,0.0000,0.0000,0.0000,0.0000,-0.0000,0.1200,0,0.3000,-0.1899,0.0148,1,2.09,0.078,0.522,0.240,,-0.0000,-0.1721,1.7529,0.3000,-0.1905,-0.1200,0.3000,0.1911,0.0148,1,2.14,0.090,0.537,0.246,,0.0000,-0.1721,1.7529,0.3000,0.1905,-0.1200,-0.0000,-0.3454,0.0148,1,2.12,0.000,0.543,0.256,,-0.0000,-0.1721,1.7529,-0.0000,-0.3459,-0.1200,-0.0000,0.3466,0.0148,1,2.10,0.007,0.537,0.253,,0.0000,-0.1721,1.7529,-0.0000,0.3459,-0.1200,-0.3000,-0.1899,0.0148,1,2.12,0.060,0.531,0.243,,0.0000,-0.1721,1.7528,-0.3000,-0.1905,-0.1200,-0.3001,0.1911,0.0148,1,2.11,0.079,0.528,0.242,,-0.0000,-0.1722,1.7527,-0.3000,0.1905,-0.1200
0.109,24,tripod,-0.0000,0.0006,0.1348,0.0000,0.0000,-0.0000,-0.0000,0.0000,-0.0011,-0.0000,-0.0000,-0.0000,0.000,0.000,0.0000,0.0000,0.0000,0.0000,-0.0000,0.1200,0,0.2997,-0.1897,0.0148,1,2.08,0.081,0.520,0.237,,-0.0000,-0.1722,1.7557,0.2996,-0.1903,-0.1200,0.2997,0.1909,0.0148,1,2.13,0.089,0.533,0.243,,0.0000,-0.1721,1.7557,0.2996,0.1903,-0.1200,-0.0000,-0.3449,0.0148,1,2.15,0.007,0.549,0.257,,-0.0000,-0.1721,1.7557,-0.0000,-0.3455,-0.1200,-0.0000,0.3462,0.0148,1,2.11,0.012,0.538,0.252,,0.0000,-0.1721,1.7557,-0.0000,0.3455,-0.1200,-0.2997,-0.1897,0.0148,1,2.09,0.063,0.523,0.239,,0.0000,-0.1722,1.7556,-0.2996,-0.1903,-0.1200,-0.2997,0.1909,0.0148,1,2.11,0.076,0.529,0.241,,-0.0000,-0.1722,1.7555,-0.2996,0.1903,-0.1200
0.131,28,tripod,-0.0000,0.0006,0.1348,0.0000,0.0000,-0.0000,0.0000,0.0000,-0.0009,-0.0000,-0.0000,-0.0000,0.000,0.000,0.0000,0.0000,0.0000,0.0000,-0.0000,0.1200,0,0.2994,-0.1895,0.0148,1,2.11,0.077,0.528,0.239,,-0.0000,-0.1722,1.7579,0.2993,-0.1901,-0.1200,0.2994,0.1907,0.0148,1,2.12,0.083,0.529,0.240,,0.0000,-0.1722,1.7579,0.2993,0.1901,-0.1200,-0.0000,-0.3446,0.0147,1,2.11,0.007,0.538,0.251,,-0.0000,-0.1722,1.7579,-0.0000,-0.3452,-0.1200,-0.0000,0.3458,0.0148,1,2.10,0.004,0.536,0.250,,0.0000,-0.1722,1.7579,-0.0000,0.3452,-0.1200,-0.2994,-0.1895,0.0148,1,2.11,0.064,0.527,0.239,,0.0000,-0.1722,1.7578,-0.2993,-0.1901,-0.1200,-0.2994,0.1907,0.0148,1,2.12,0.081,0.530,0.240,,-0.0000,-0.1722,1.7578,-0.2994,0.1901,-0.1200
0.152,32,tripod,-0.0000,0.0006,0.1347,0.0000,0.0000,-0.0000,0.0000,0.0000,-0.0008,-0.0000,0.0000,-0.0000,0.000,0.000,0.0000,0.0000,0.0000,0.0000,-0.0000,0.1200,0,0.2991,-0.1894,0.0148,1,2.11,0.076,0.528,0.238,,-0.0000,-0.1722,1.7596,0.2991,-0.1900,-0.1200,0.2991,0.1906,0.0147,1,2.11,0.081,0.528,0.238,,0.0000,-0.1722,1.7596,0.2991,0.1900,-0.1200,-0.0000,-0.3443,0.0147,1,2.11,0.005,0.537,0.250,,-0.0000,-0.1722,1.7596,-0.0000,-0.3449,-0.1200,-0.0000,0.3456,0.0147,1,2.11,0.003,0.538,0.250,,0.0000,-0.1722,1.7596,-0.0000,0.3449,-0.1200,-0.2992,-0.1894,0.0147,1,2.11,0.064,0.528,0.239,,0.0000,-0.1722,1.7596,-0.2991,-0.1900,-0.1200,-0.2992,0.1906,0.0148,1,2.11,0.077,0.527,0.238,,-0.0000,-0.1722,1.7595,-0.2991,0.1900,-0.1200
0.174,36,tripod,-0.0000,0.0006,0.1347,0.0000,0.0000,-0.0000,0.0000,0.0000,-0.0006,-0.0000,-0.0000,0.0000,0.000,0.000,0.0000,0.0000,0.0000,0.0000,-0.0000,0.1200,0,0.2990,-0.1893,0.0147,1,2.10,0.079,0.524,0.236,,-0.0000,-0.1722,1.7610,0.2989,-0.1899,-0.1200,0.2990,0.1905,0.0147,1,2.11,0.086,0.528,0.238,,0.0000,-0.1722,1.7609,0.2989,0.1899,-0.1200,-0.0000,-0.3441,0.0147,1,2.12,0.002,0.541,0.251,,-0.0000,-0.1722,1.7609,-0.0000,-0.3447,-0.1200,-0.0000,0.3454,0.0147,1,2.11,0.006,0.538,0.249,,0.0000,-0.1722,1.7610,-0.0000,0.3447,-0.1200,-0.2990,-0.1893,0.0147,1,2.10,0.063,0.525,0.236,,0.0000,-0.1722,1.7609,-0.2989,-0.1899,-0.1200,-0.2990,0.1905,0.0147,1,2.11,0.077,0.527,0.237,,-0.0000,-0.1722,1.7609,-0.2990,0.1899,-0.1200
0.196,40,tripod,-0.0000,0.0006,0.1347,0.0000,0.0000,-0.0000,-0.0000,0.0000,-0.0005,-0.0000,-0.0000,-0.0000,0.000,0.000,0.0000,0.0000,0.0000,0.0000,-0.0000,0.1200,0,0.2988,-0.1892,0.0147,1,2.09,0.080,0.521,0.234,,-0.0000,-0.1722,1.7620,0.2988,-0.1898,-0.1200,0.2988,0.1904,0.0147,1,2.12,0.088,0.530,0.238,,0.0000,-0.1722,1.7620,0.2988,0.1898,-0.1200,-0.0000,-0.3440,0.0147,1,2.13,0.002,0.544,0.251,,-0.0000,-0.1722,1.7620,-0.0000,-0.3446,-0.1200,-0.0000,0.3452,0.0147,1,2.11,0.008,0.536,0.248,,0.0000,-0.1722,1.7620,-0.0000,0.3446,-0.1200,-0.2988,-0.1892,0.0147,1,2.10,0.062,0.523,0.235,,0.0000,-0.1722,1.7620,-0.2988,-0.1898,-0.1200,-0.2988,0.1904,0.0147,1,2.11,0.076,0.527,0.237,,-0.0000,-0.1722,1.7619,-0.2988,0.1898,-0.1200
0.218,44,tripod,-0.0000,0.0006,0.1347,0.0000,0.0000,-0.0000,-0.0000,0.0000,-0.0004,-0.0000,0.0000,-0.0000,0.000,0.000,0.0000,0.0000,0.0000,0.0000,-0.0000,0.1200,0,0.2987,-0.1891,0.0147,1,2.08,0.081,0.519,0.233,,-0.0000,-0.1723,1.7628,0.2987,-0.1897,-0.1200,0.2987,0.1903,0.0147,1,2.13,0.084,0.530,0.238,,0.0000,-0.1722,1.7628,0.2987,0.1897,-0.1200,-0.0000,-0.3438,0.0147,1,2.14,0.002,0.545,0.251,,-0.0000,-0.1722,1.7628,-0.0000,-0.3444,-0.1200,-0.0000,0.3451,0.0147,1,2.11,0.009,0.536,0.248,,0.0000,-0.1722,1.7628,-0.0000,0.3444,-0.1200,-0.2987,-0.1891,0.0147,1,2.10,0.065,0.524,0.235,,0.0000,-0.1722,1.7628,-0.2987,-0.1897,-0.1200,-0.2987,0.1904,0.0147,1,2.11,0.077,0.525,0.235,,-0.0000,-0.1722,1.7628,-0.2987,0.1897,-0.1200
0.240,48,tripod,-0.0000,0.0006,0.1347,-0.0000,0.0000,-0.0000,0.0000,0.0000,-0.0002,-0.0000,0.0000,-0.0000,0.000,0.000,0.0000,0.0000,-0.0000,0.0000,-0.0000,0.1200,0,0.2986,-0.1891,0.0147,1,2.11,0.081,0.526,0.235,,-0.0000,-0.1722,1.7634,0.2986,-0.1897,-0.1200,0.2986,0.1903,0.0147,1,2.13,0.087,0.532,0.238,,0.0000,-0.1722,1.7634,0.2986,0.1897,-0.1200,-0.0000,-0.3437,0.0147,1,2.09,0.001,0.532,0.245,,-0.0000,-0.1722,1.7635,-0.0000,-0.3443,-0.1200,-0.0000,0.3450,0.0147,1,2.08,0.006,0.529,0.244,,0.0000,-0.1722,1.7635,-0.0000,0.3443,-0.1200,-0.2986,-0.1891,0.0147,1,2.13,0.064,0.530,0.237,,0.0000,-0.1722,1.7634,-0.2986,-0.1897,-0.1200,-0.2986,0.1903,0.0147,1,2.12,0.077,0.529,0.237,,-0.0000,-0.1722,1.7634,-0.2986,0.1897,-0.1200
0.262,52,tripod,-0.0000,0.0006,0.1347,0.0000,0.0000,-0.0000,0.0000,-0.0001,-0.0001,0.0000,0.0000,-0.0000,0.000,0.000,0.0000,0.0000,0.0000,0.0000,-0.0000,0.1200,0,0.2986,-0.1890,0.0147,1,2.12,0.077,0.529,0.237,,-0.0000,-0.1722,1.7639,0.2986,-0.1896,-0.1200,0.2986,0.1903,0.0147,1,2.11,0.087,0.526,0.235,,0.0000,-0.1722,1.7639,0.2986,0.1896,-0.1200,-0.0000,-0.3437,0.0147,1,2.09,0.001,0.532,0.245,,-0.0000,-0.1722,1.7639,-0.0000,-0.3443,-0.1200,-0.0000,0.3449,0.0147,1,2.10,0.009,0.534,0.246,,0.0000,-0.1722,1.7639,-0.0000,0.3443,-0.1200,-0.2986,-0.1890,0.0147,1,2.13,0.060,0.531,0.237,,0.0000,-0.1722,1.7639,-0.2986,-0.1896,-0.1200,-0.2986,0.1903,0.0147,1,2.11,0.081,0.526,0.235,,-0.0000,-0.1722,1.7639,-0.2986,0.1896,-0.1200
0.284,56,tripod,-0.0000,0.0006,0.1347,-0.0000,0.0000,-0.0000,0.0003,0.0003,-0.0002,-0.0005,0.0003,-0.0001,0.000,0.000,0.0000,0.0000,-0.0000,0.0000,-0.0000,0.1200,0,0.2985,-0.1890,0.0147,1,2.06,0.049,0.519,0.236,,-0.0000,-0.1722,1.7643,0.2985,-0.1896,-0.1200,0.2985,0.1902,0.0147,1,2.12,0.103,0.522,0.228,,0.0000,-0.1722,1.7643,0.2985,0.1896,-0.1200,-0.0000,-0.3436,0.0147,1,2.13,0.023,0.540,0.247,,-0.0000,-0.1722,1.7643,-0.0000,-0.3442,-0.1200,-0.0000,0.3448,0.0147,1,2.08,0.026,0.513,0.225,,0.0000,-0.1722,1.7642,-0.0000,0.3442,-0.1200,-0.2985,-0.1890,0.0147,1,2.15,0.059,0.537,0.240,,0.0000,-0.1722,1.7643,-0.2985,-0.1896,-0.1200,-0.2985,0.1902,0.0147,1,2.12,0.075,0.529,0.237,,-0.0000,-0.1722,1.7643,-0.2985,0.1896,-0.1200
0.306,60,tripod,-0.0000,0.0006,0.1347,-0.0000,0.0000,-0.0000,-0.0002,0.0000,-0.0002,-0.0001,-0.0002,0.0004,0.000,0.000,-0.0000,0.0000,-0.0000,0.0000,-0.0000,0.1200,0,0.2985,-0.1890,0.0147,1,2.12,0.099,0.527,0.234,,-0.0000,-0.1722,1.7646,0.2985,-0.1896,-0.1200,0.2985,0.1902,0.0147,1,2.11,0.060,0.529,0.238,,0.0000,-0.1722,1.7646,0.2985,0.1896,-0.1200,-0.0000,-0.3436,0.0147,1,2.11,0.019,0.473,0.169,,-0.0000,-0.1722,1.7646,-0.0000,-0.3442,-0.1200,-0.0000,0.3448,0.0147,1,2.09,0.033,0.478,0.178,,0.0000,-0.1722,1.7643,-0.0000,0.3442,-0.1200,-0.2985,-0.1890,0.0147,1,2.06,0.090,0.486,0.196,,0.0000,-0.1722,1.7645,-0.2985,-0.1896,-0.1200,-0.2985,0.1902,0.0147,1,2.14,0.073,0.535,0.239,,-0.0000,-0.1722,1.7646,-0.2985,0.1896,-0.1200
0.451,64,tripod,0.0017,-0.0030,0.1369,0.0106,0.0044,0.0022,0.2227,-0.4070,0.2230,0.6202,-0.0304,0.4708,0.000,0.000,0.0019,0.0010,0.0106,0.0044,0.0022,0.1192,0,0.3153,-0.1928,0.0158,1,0.00,2.940,2.579,2.940,,0.0273,-0.1833,1.6641,0.3159,-0.1919,-0.1175,0.2990,0.1890,0.0169,1,0.00,0.029,0.224,0.018,,0.0001,-0.1722,1.7647,0.2984,0.1896,-0.1200,-0.0012,-0.3585,0.0151,1,0.00,2.667,2.805,2.940,,-0.0095,-0.1809,1.6733,-0.0023,-0.3589,-0.1181,0.0003,0.3435,0.0204,1,12.86,0.855,2.940,1.079,,0.0001,-0.1762,1.7655,-0.0000,0.3445,-0.1193,-0.2975,-0.1909,0.0160,1,0.00,0.445,0.116,0.023,,-0.0001,-0.1721,1.7647,-0.2985,-0.1896,-0.1200,-0.2979,0.1882,0.0196,1,0.00,0.315,0.065,0.039,,-0.0001,-0.1721,1.7647,-0.2984,0.1896,-0.1200
0.472,68,tripod,0.0077,-0.0127,0.1399,0.0154,0.0050,0.0168,0.4144,-0.6420,0.1227,0.2461,0.0097,1.2538,0.000,0.000,0.0072,0.0028,0.0154,0.0050,0.0168,0.1198,0,0.3264,-0.1927,0.0164,1,11.71,2.940,0.964,1.154,,0.0452,-0.1742,1.6638,0.3171,-0.1876,-0.1192,0.3019,0.1843,0.0208,1,0.00,0.048,0.014,0.004,,0.0007,-0.1706,1.7635,0.2984,0.1897,-0.1203,0.0091,-0.3692,0.0152,1,19.96,2.940,2.482,2.940,,-0.0092,-0.1733,1.6641,-0.0023,-0.3594,-0.1193,0.0013,0.3349,0.0256,1,3.08,0.083,0.779,0.315,,0.0003,-0.1772,1.7662,-0.0001,0.3445,-0.1191,-0.2895,-0.2032,0.0182,1,0.00,0.040,0.042,0.006,,-0.0007,-0.1716,1.7646,-0.2985,-0.1894,-0.1201,-0.2949,0.1759,0.0236,1,1.27,0.202,0.261,0.069,,-0.0005,-0.1697,1.7621,-0.2985,0.1897,-0.1204
0.493,72,tripod,0.0143,-0.0230,0.1415,0.0150,0.0062,0.0336,0.3733,-0.6001,0.0850,-0.0897,-0.1495,0.9282,0.000,0.000,0.0111,0.0040,0.0150,0.0062,0.0336,0.1208,0,0.3319,-0.1977,0.0150,1,11.03,0.741,1.114,0.693,,0.0363,-0.1604,1.6762,0.3129,-0.1878,-0.1218,0.3048,0.1793,0.0212,1,0.00,0.148,0.259,0.029,,0.0018,-0.1649,1.7587,0.2983,0.1899,-0.1212,0.0219,-0.3761,0.0148,1,1.25,0.290,0.193,0.016,,-0.0084,-0.1627,1.6790,-0.0020,-0.3558,-0.1214,0.0017,0.3244,0.0278,1,4.65,0.087,1.094,0.449,,0.0007,-0.1792,1.7667,-0.0001,0.3447,-0.1188,-0.2797,-0.2185,0.0197,1,0.00,0.037,0.179,0.019,,-0.0018,-0.1674,1.7616,-0.2986,-0.1892,-0.1208,-0.2917,0.1603,0.0254,1,0.00,0.051,0.153,0.009,,-0.0012,-0.1676,1.7593,-0.2985,0.1899,-0.1208
0.513,76,tripod,0.0203,-0.0328,0.1419,0.0114,0.0021,0.0483,0.3541,-0.5822,-0.0341,-0.3360,-0.3112,0.8559,0.000,0.000,0.0121,0.0041,0.0114,0.0021,0.0483,0.1220,0,0.3376,-0.2034,0.0149,1,0.87,0.079,0.084,0.047,,0.0295,-0.1475,1.6844,0.3097,-0.1880,-0.1242,0.3082,0.1737,0.0209,1,0.00,0.003,0.008,0.011,,0.0030,-0.1560,1.7511,0.2982,0.1902,-0.1228,0.0339,-0.3831,0.0148,1,0.81,0.122,0.099,0.005,,-0.0071,-0.1535,1.6907,-0.0017,-0.3530,-0.1232,0.0029,0.3142,0.0278,1,0.00,0.003,0.023,0.005,,0.0010,-0.1819,1.7678,-0.0002,0.3448,-0.1183,-0.2704,-0.2328,0.0185,1,0.00,0.010,0.001,0.010,,-0.0029,-0.1592,1.7553,-0.2986,-0.1889,-0.1222,-0.2880,0.1459,0.0238,1,0.00,0.007,0.027,0.004,,-0.0019,-0.1638,1.7551,-0.2986,0.1902,-0.1214
0.533,80,tripod,0.0261,-0.0424,0.1402,0.0019,-0.0029,0.0617,0.3345,-0.5373,-0.1119,-1.0296,-0.0027,0.6336,0.000,0.000,0.0096,0.0018,0.0019,-0.0029,0.0617,0.1234,0,0.3440,-0.2099,0.0149,1,14.40,1.518,1.686,0.948,,0.0241,-0.1384,1.6913,0.3072,-0.1880,-0.1258,0.3118,0.1673,0.0176,1,0.00,0.072,0.339,0.023,,0.0037,-0.1445,1.7411,0.2982,0.1904,-0.1247,0.0455,-0.3912,0.0148,1,0.00,0.238,0.392,0.004,,-0.0059,-0.1471,1.7002,-0.0014,-0.3508,-0.1243,0.0046,0.3035,0.0233,1,0.00,0.142,0.181,0.008,,0.0011,-0.1805,1.7660,-0.0003,0.3449,-0.1186,-0.2610,-0.2472,0.0148,1,24.75,2.940,2.883,1.023,,-0.0048,-0.1477,1.7462,-0.2988,-0.1885,-0.1242,-0.2839,0.1312,0.0176,1,0.00,0.261,0.219,0.036,,-0.0024,-0.1553,1.7474,-0.2986,0.1903,-0.1229
0.554,84,tripod,0.0308,-0.0493,0.1404,-0.0008,-0.0015,0.0695,0.2539,-0.3535,0.0549,0.2149,0.1073,0.3977,0.000,0.000,0.0038,-0.0004,-0.0008,-0.0015,0.0695,0.1246,0,0.3481,-0.2155,0.0148,1,2.33,0.179,0.249,0.137,,0.0195,-0.1362,1.7001,0.3052,-0.1882,-0.1262,0.3152,0.1619,0.0148,1,3.12,0.368,0.554,0.027,,0.0035,-0.1378,1.7329,0.2985,0.1905,-0.1259,0.0533,-0.3973,0.0158,1,0.00,0.022,0.026,0.013,,-0.0046,-0.1430,1.7076,-0.0011,-0.3491,-0.1251,0.0065,0.2954,0.0202,1,0.00,0.003,0.018,0.014,,0.0009,-0.1730,1.7603,-0.0002,0.3449,-0.1199,-0.2547,-0.2573,0.0146,1,4.49,0.665,0.717,0.058,,-0.0044,-0.1399,1.7400,-0.2987,-0.1886,-0.1255,-0.2805,0.1207,0.0150,1,0.00,0.032,0.013,0.016,,-0.0025,-0.1442,1.7383,-0.2986,0.1903,-0.1248
0.575,88,tripod,0.0346,-0.0547,0.1409,0.0008,-0.0002,0.0740,0.1991,-0.2898,0.0351,0.0106,0.1668,0.0170,0.000,0.000,0.0018,-0.0007,0.0008,-0.0002,0.0740,0.1251,0,0.3513,-0.2194,0.0154,1,0.00,0.053,0.039,0.026,,0.0155,-0.1414,1.7123,0.3038,-0.1885,-0.1253,0.3179,0.1580,0.0148,1,4.66,0.753,0.918,0.160,,0.0029,-0.1357,1.7317,0.2985,0.1904,-0.1263,0.0591,-0.4012,0.0148,1,6.79,0.931,0.927,0.251,,-0.0036,-0.1384,1.7115,-0.0008,-0.3480,-0.1259,0.0086,0.2899,0.0195,1,0.00,0.036,0.032,0.018,,0.0006,-0.1620,1.7520,-0.0001,0.3448,-0.1218,-0.2496,-0.2642,0.0150,1,0.00,0.116,0.043,0.001,,-0.0037,-0.1407,1.7408,-0.2986,-0.1887,-0.1254,-0.2776,0.1137,0.0148,1,3.09,0.297,0.675,0.195,,-0.0023,-0.1362,1.7324,-0.2986,0.1902,-0.1262
0.595,92,tripod,0.0376,-0.0592,0.1407,0.0012,0.0021,0.0729,0.1634,-0.2500,-0.0386,0.0174,0.1215,-0.1244,0.000,0.000,0.0011,0.0000,0.0012,0.0021,0.0729,0.1253,0,0.3527,-0.2245,0.0151,1,0.00,0.010,0.031,0.016,,0.0123,-0.1438,1.7205,0.3026,-0.1887,-0.1249,0.3208,0.1530,0.0148,1,3.71,0.571,0.688,0.102,,0.0024,-0.1401,1.7361,0.2985,0.1902,-0.1255,0.0618,-0.4048,0.0147,1,5.25,0.525,0.642,0.267,,-0.0028,-0.1400,1.7188,-0.0006,-0.3471,-0.1256,0.0117,0.2853,0.0175,1,0.00,0.002,0.024,0.019,,0.0004,-0.1494,1.7423,-0.0001,0.3447,-0.1239,-0.2469,-0.2687,0.0159,1,0.00,0.064,0.029,0.000,,-0.0030,-0.1418,1.7416,-0.2986,-0.1888,-0.1252,-0.2746,0.1093,0.0148,1,2.40,0.157,0.499,0.132,,-0.0019,-0.1328,1.7302,-0.2985,0.1901,-0.1268
0.616,96,tripod,0.0399,-0.0623,0.1403,0.0022,0.0016,0.0730,0.1092,-0.1336,0.0111,0.1423,0.1102,0.1280,0.000,0.000,0.0013,0.0007,0.0022,0.0016,0.0730,0.1252,0,0.3542,-0.2282,0.0148,1,16.07,1.638,1.951,0.987,,0.0097,-0.1453,1.7267,0.3017,-0.1888,-0.1247,0.3234,0.1495,0.0159,1,0.00,0.372,0.237,0.003,,0.0021,-0.1476,1.7430,0.2984,0.1901,-0.1242,0.0642,-0.4074,0.0152,1,0.00,0.121,0.116,0.059,,-0.0022,-0.1474,1.7295,-0.0005,-0.3464,-0.1243,0.0144,0.2820,0.0150,1,16.24,1.510,2.940,0.646,,0.0004,-0.1366,1.7315,-0.0001,0.3448,-0.1261,-0.2445,-0.2719,0.0148,1,11.04,1.813,1.805,0.124,,-0.0025,-0.1396,1.7397,-0.2985,-0.1890,-0.1256,-0.2720,0.1060,0.0148,1,0.00,0.130,0.258,0.026,,-0.0016,-0.1365,1.7338,-0.2985,0.1900,-0.1261
0.636,100,tripod,0.0412,-0.0638,0.1404,0.0056,0.0035,0.0748,0.0452,-0.0662,0.0013,0.0808,0.2256,-0.0079,0.000,0.000,0.0025,0.0014,0.0056,0.0035,0.0748,0.1248,0,0.3550,-0.2290,0.0147,1,1.67,0.271,0.227,0.012,,0.0078,-0.1516,1.7358,0.3009,-0.1889,-0.1236,0.3241,0.1487,0.0168,1,0.00,0.025,0.028,0.007,,0.0019,-0.1504,1.7458,0.2984,0.1900,-0.1237,0.0661,-0.4080,0.0150,1,7.35,1.021,0.926,0.336,,-0.0019,-0.1518,1.7369,-0.0004,-0.3458,-0.1235,0.0148,0.2807,0.0149,1,5.81,0.591,1.365,0.445,,0.0005,-0.1290,1.7256,-0.0001,0.3447,-0.1274,-0.2429,-0.2738,0.0150,1,0.00,0.071,0.055,0.000,,-0.0022,-0.1417,1.7413,-0.2985,-0.1890,-0.1252,-0.2711,0.1041,0.0169,1,0.00,0.035,0.054,0.002,,-0.0014,-0.1412,1.7379,-0.2985,0.1900,-0.1253
0.657,104,tripod,0.0417,-0.0645,0.1403,0.0068,0.0063,0.0747,0.0223,-0.0291,-0.0085,0.0436,0.1371,-0.0053,0.000,0.000,0.0041,0.0030,0.0068,0.0063,0.0747,0.1246,0,0.3545,-0.2297,0.0148,1,0.00,0.003,0.045,0.013,,0.0063,-0.1585,1.7449,0.3003,-0.1890,-0.1224,0.3241,0.1481,0.0158,1,0.00,0.007,0.037,0.003,,0.0020,-0.1484,1.7447,0.2983,0.1900,-0.1241,0.0662,-0.4082,0.0148,1,6.36,0.008,1.433,0.445,,-0.0017,-0.1538,1.7416,-0.0004,-0.3454,-0.1232,0.0150,0.2800,0.0148,1,5.98,0.007,1.512,0.591,,0.0007,-0.1265,1.7238,-0.0002,0.3446,-0.1279,-0.2428,-0.2744,0.0161,1,0.00,0.008,0.030,0.003,,-0.0022,-0.1443,1.7433,-0.2985,-0.1890,-0.1248,-0.2710,0.1035,0.0182,1,0.00,0.004,0.027,0.000,,-0.0013,-0.1418,1.7383,-0.2985,0.1900,-0.1252
0.677,108,tripod,0.0417,-0.0649,0.1402,0.0075,0.0056,0.0748,-0.0226,-0.0142,-0.0140,0.0450,-0.2206,0.0065,0.000,0.000,0.0054,0.0047,0.0075,0.0056,0.0748,0.1247,0,0.3541,-0.2300,0.0154,1,0.00,0.018,0.037,0.014,,0.0052,-0.1633,1.7519,0.2998,-0.1890,-0.1215,0.3242,0.1478,0.0149,1,2.56,0.284,0.482,0.079,,0.0023,-0.1428,1.7406,0.2982,0.1900,-0.1250,0.0663,-0.4081,0.0147,1,5.65,0.563,1.191,0.307,,-0.0018,-0.1557,1.7456,-0.0004,-0.3450,-0.1228,0.0150,0.2797,0.0148,1,3.51,0.165,0.853,0.319,,0.0010,-0.1261,1.7233,-0.0002,0.3446,-0.1279,-0.2427,-0.2747,0.0156,1,0.00,0.035,0.030,0.005,,-0.0025,-0.1424,1.7414,-0.2986,-0.1890,-0.1251,-0.2710,0.1032,0.0178,1,0.00,0.011,0.029,0.008,,-0.0013,-0.1392,1.7354,-0.2986,0.1900,-0.1257
0.698,112,tripod,0.0417,-0.0649,0.1402,0.0070,0.0050,0.0748,0.0088,0.0029,0.0087,-0.0373,0.0281,0.0007,0.000,0.000,0.0061,0.0046,0.0070,0.0050,0.0748,0.1247,0,0.3537,-0.2301,0.0159,1,0.00,0.003,0.030,0.004,,0.0044,-0.1637,1.7549,0.2993,-0.1889,-0.1215,0.3241,0.1478,0.0148,1,5.94,0.141,1.039,0.042,,0.0027,-0.1416,1.7397,0.2981,0.1901,-0.1252,0.0663,-0.4078,0.0156,1,0.00,0.000,0.035,0.011,,-0.0020,-0.1603,1.7518,-0.0005,-0.3447,-0.1220,0.0150,0.2797,0.0152,1,0.00,0.000,0.042,0.007,,0.0014,-0.1297,1.7262,-0.0003,0.3447,-0.1273,-0.2427,-0.2748,0.0146,1,6.30,0.142,0.975,0.089,,-0.0029,-0.1387,1.7381,-0.2987,-0.1889,-0.1257,-0.2710,0.1032,0.0165,1,0.00,0.002,0.032,0.008,,-0.0014,-0.1336,1.7300,-0.2987,0.1901,-0.1266
0.718,116,tripod,0.0419,-0.0649,0.1403,0.0067,0.0056,0.0748,0.0085,-0.0005,0.0063,-0.0121,0.0339,-0.0000,0.000,0.000,0.0062,0.0047,0.0067,0.0056,0.0748,0.1252,0,0.3534,-0.2301,0.0153,1,0.00,0.001,0.029,0.003,,0.0038,-0.1591,1.7532,0.2990,-0.1889,-0.1222,0.3241,0.1478,0.0147,1,5.98,0.089,1.040,0.033,,0.0030,-0.1417,1.7400,0.2981,0.1902,-0.1252,0.0664,-0.4075,0.0161,1,0.00,0.001,0.033,0.003,,-0.0021,-0.1608,1.7542,-0.0005,-0.3443,-0.1219,0.0150,0.2796,0.0153,1,0.00,0.001,0.034,0.001,,0.0016,-0.1296,1.7260,-0.0004,0.3447,-0.1273,-0.2427,-0.2748,0.0146,1,6.47,0.090,0.950,0.145,,-0.0032,-0.1363,1.7358,-0.2987,-0.1889,-0.1262,-0.2710,0.1032,0.0152,1,0.00,0.000,0.026,0.013,,-0.0014,-0.1245,1.7216,-0.2988,0.1901,-0.1282
0.739,120,tripod,0.0421,-0.0649,0.1411,0.0069,0.0064,0.0749,0.0163,-0.0028,0.0398,0.0068,0.0468,0.0082,0.000,0.000,0.0062,0.0051,0.0069,0.0064,0.0749,0.1257,0,0.3534,-0.2301,0.0149,1,5.66,0.072,1.349,0.459,,0.0033,-0.1548,1.7506,0.2988,-0.1889,-0.1230,0.3242,0.1479,0.0154,1,0.00,0.003,0.035,0.005,,0.0033,-0.1434,1.7418,0.2980,0.1902,-0.1249,0.0665,-0.4073,0.0161,1,0.00,0.002,0.029,0.003,,-0.0022,-0.1565,1.7523,-0.0005,-0.3441,-0.1227,0.0150,0.2796,0.0153,1,0.00,0.002,0.026,0.006,,0.0019,-0.1250,1.7218,-0.0004,0.3447,-0.1281,-0.2426,-0.2748,0.0154,1,0.00,0.002,0.033,0.002,,-0.0034,-0.1362,1.7356,-0.2988,-0.1889,-0.1262,-0.2710,0.1032,0.0147,1,5.94,0.123,1.305,0.351,,-0.0015,-0.1165,1.7139,-0.2989,0.1902,-0.1296
0.760,124,tripod,0.0423,-0.0651,0.1416,0.0081,0.0063,0.0751,0.0022,-0.0228,0.0124,0.1508,-0.0470,0.0051,0.000,0.000,0.0063,0.0056,0.0081,0.0063,0.0751,0.1265,0,0.3534,-0.2301,0.0148,1,4.44,0.161,1.118,0.434,,0.0029,-0.1525,1.7499,0.2986,-0.1889,-0.1234,0.3242,0.1479,0.0160,1,0.00,0.004,0.028,0.002,,0.0036,-0.1417,1.7407,0.2979,0.1902,-0.1252,0.0667,-0.4072,0.0150,1,0.00,0.010,0.013,0.009,,-0.0024,-0.1486,1.7469,-0.0005,-0.3439,-0.1240,0.0150,0.2796,0.0150,1,1.31,0.167,0.208,0.009,,0.0022,-0.1175,1.7151,-0.0005,0.3448,-0.1294,-0.2424,-0.2748,0.0154,1,0.00,0.003,0.017,0.005,,-0.0037,-0.1334,1.7330,-0.2988,-0.1888,-0.1267,-0.2710,0.1032,0.0147,1,3.68,0.080,0.919,0.343,,-0.0015,-0.1121,1.7093,-0.2990,0.1903,-0.1304
0.781,128,tripod,0.0423,-0.0650,0.1423,0.0069,0.0063,0.0751,0.0023,0.0043,0.0272,-0.0696,-0.0049,-0.0004,0.000,0.000,0.0066,0.0057,0.0069,0.0063,0.0751,0.1270,0,0.3532,-0.2302,0.0158,1,0.00,0.000,0.031,0.003,,0.0026,-0.1532,1.7519,0.2984,-0.1889,-0.1232,0.3242,0.1478,0.0158,1,0.00,0.000,0.028,0.005,,0.0038,-0.1369,1.7369,0.2979,0.1902,-0.1261,0.0667,-0.4071,0.0147,1,5.89,0.093,1.262,0.301,,-0.0026,-0.1414,1.7416,-0.0006,-0.3438,-0.1253,0.0150,0.2796,0.0149,1,5.91,0.094,1.268,0.307,,0.0024,-0.1153,1.7125,-0.0006,0.3449,-0.1298,-0.2424,-0.2749,0.0153,1,0.00,0.000,0.027,0.007,,-0.0039,-0.1277,1.7280,-0.2989,-0.1888,-0.1276,-0.2710,0.1031,0.0152,1,0.00,0.000,0.036,0.003,,-0.0015,-0.1127,1.7097,-0.2990,0.1903,-0.1303
0.801,132,tripod,0.0424,-0.0650,0.1428,0.0064,0.0068,0.0751,0.0011,-0.0054,0.0457,0.0322,-0.0189,-0.0002,0.000,0.000,0.0062,0.0058,0.0064,0.0068,0.0751,0.1277,0,0.3531,-0.2302,0.0158,1,0.00,0.002,0.029,0.003,,0.0024,-0.1497,1.7502,0.2982,-0.1888,-0.1238,0.3242,0.1478,0.0147,1,5.84,0.061,0.872,0.158,,0.0041,-0.1295,1.7309,0.2978,0.1903,-0.1273,0.0667,-0.4071,0.0147,1,0.00,0.004,0.028,0.002,,-0.0027,-0.1382,1.7396,-0.0006,-0.3437,-0.1258,0.0150,0.2796,0.0151,1,0.00,0.004,0.030,0.002,,0.0026,-0.1158,1.7128,-0.0006,0.3449,-0.1297,-0.2424,-0.2749,0.0149,1,5.66,0.039,0.898,0.087,,-0.0041,-0.1211,1.7222,-0.2989,-0.1888,-0.1288,-0.2709,0.1031,0.0154,1,0.00,0.001,0.028,0.004,,-0.0015,-0.1104,1.7075,-0.2990,0.1903,-0.1307
0.822,136,tripod,0.0425,-0.0651,0.1430,0.0073,0.0067,0.0751,0.0004,-0.0101,0.0381,0.0642,-0.0184,0.0058,0.000,0.000,0.0061,0.0059,0.0073,0.0067,0.0751,0.1279,0,0.3530,-0.2302,0.0148,1,24.85,0.487,2.940,1.317,,0.0022,-0.1438,1.7460,0.2981,-0.1888,-0.1248,0.3242,0.1478,0.0147,1,0.00,0.037,0.140,0.000,,0.0042,-0.1281,1.7299,0.2978,0.1903,-0.1276,0.0667,-0.4070,0.0151,1,0.00,0.014,0.213,0.003,,-0.0028,-0.1414,1.7430,-0.0006,-0.3436,-0.1253,0.0150,0.2796,0.0157,1,0.00,0.026,0.024,0.007,,0.0028,-0.1159,1.7130,-0.0006,0.3449,-0.1297,-0.2424,-0.2749,0.0148,1,0.00,0.020,0.093,0.006,,-0.0042,-0.1218,1.7226,-0.2990,-0.1888,-0.1287,-0.2709,0.1031,0.0148,1,18.82,0.387,2.856,0.468,,-0.0015,-0.1053,1.7028,-0.2990,0.1903,-0.1316
0.843,140,tripod,0.0425,-0.0652,0.1434,0.0077,0.0062,0.0752,0.0028,-0.0015,0.0161,0.0001,-0.0132,0.0023,0.000,0.000,0.0065,0.0059,0.0077,0.0062,0.0752,0.1281,0,0.3530,-0.2302,0.0147,1,6.11,0.139,1.090,0.061,,0.0020,-0.1407,1.7438,0.2980,-0.1888,-0.1254,0.3242,0.1478,0.0157,1,0.00,0.000,0.033,0.003,,0.0043,-0.1303,1.7320,0.2977,0.1903,-0.1272,0.0668,-0.4069,0.0155,1,0.00,0.002,0.035,0.001,,-0.0029,-0.1418,1.7439,-0.0007,-0.3435,-0.1252,0.0151,0.2796,0.0158,1,0.00,0.002,0.028,0.005,,0.0029,-0.1123,1.7099,-0.0007,0.3449,-0.1303,-0.2424,-0.2750,0.0154,1,0.00,0.000,0.037,0.002,,-0.0043,-0.1236,1.7240,-0.2990,-0.1888,-0.1284,-0.2709,0.1031,0.0147,1,6.10,0.140,1.099,0.066,,-0.0015,-0.1029,1.7002,-0.2991,0.1903,-0.1320
0.864,144,tripod,0.0425,-0.0653,0.1437,0.0081,0.0059,0.0752,0.0013,-0.0108,0.0588,0.0427,0.0031,-0.0012,0.000,0.000,0.0067,0.0057,0.0081,0.0059,0.0752,0.1287,0,0.3530,-0.2302,0.0146,1,0.00,0.007,0.086,0.001,,0.0019,-0.1385,1.7425,0.2980,-0.1888,-0.1258,0.3242,0.1478,0.0158,1,0.00,0.010,0.014,0.004,,0.0044,-0.1278,1.7300,0.2977,0.1903,-0.1276,0.0668,-0.4069,0.0150,1,16.66,0.608,2.445,0.315,,-0.0029,-0.1370,1.7404,-0.0007,-0.3435,-0.1260,0.0151,0.2796,0.0149,1,15.00,0.395,2.416,0.221,,0.0030,-0.1047,1.7031,-0.0007,0.3449,-0.1316,-0.2423,-0.2749,0.0150,1,4.76,0.276,0.291,0.398,,-0.0044,-0.1200,1.7209,-0.2990,-0.1887,-0.1290,-0.2709,0.1031,0.0147,1,0.00,0.032,0.105,0.002,,-0.0015,-0.1015,1.6986,-0.2991,0.1904,-0.1322
0.884,148,tripod,0.0426,-0.0654,0.1441,0.0086,0.0062,0.0752,0.0152,-0.0049,0.0046,0.0148,0.1034,-0.0004,0.000,0.000,0.0071,0.0055,0.0086,0.0062,0.0752,0.1290,0,0.3530,-0.2302,0.0152,1,0.00,0.009,0.022,0.005,,0.0019,-0.1406,1.7447,0.2979,-0.1888,-0.1254,0.3242,0.1478,0.0155,1,0.00,0.003,0.016,0.007,,0.0046,-0.1223,1.7253,0.2977,0.1903,-0.1286,0.0668,-0.4069,0.0149,1,4.02,0.197,0.735,0.078,,-0.0030,-0.1355,1.7394,-0.0007,-0.3434,-0.1263,0.0151,0.2796,0.0148,1,5.37,0.255,0.941,0.043,,0.0031,-0.1013,1.6998,-0.0007,0.3449,-0.1323,-0.2423,-0.2750,0.0150,1,2.15,0.054,0.250,0.096,,-0.0046,-0.1177,1.7189,-0.2990,-0.1887,-0.1294,-0.2709,0.1030,0.0155,1,0.00,0.003,0.046,0.002,,-0.0016,-0.1027,1.6998,-0.2991,0.1904,-0.1320
0.905,152,tripod,0.0426,-0.0656,0.1441,0.0099,0.0058,0.0752,-0.0080,-0.0146,0.0035,0.0891,-0.0654,-0.0022,0.000,0.000,0.0077,0.0056,0.0099,0.0058,0.0752,0.1290,0,0.3529,-0.2302,0.0152,1,0.00,0.003,0.035,0.001,,0.0019,-0.1405,1.7451,0.2979,-0.1887,-0.1254,0.3242,0.1478,0.0147,1,6.27,0.045,0.888,0.190,,0.0048,-0.1164,1.7202,0.2977,0.1904,-0.1296,0.0668,-0.4069,0.0151,1,0.00,0.000,0.042,0.008,,-0.0029,-0.1391,1.7429,-0.0007,-0.3434,-0.1256,0.0151,0.2795,0.0156,1,0.00,0.000,0.034,0.006,,0.0031,-0.1038,1.7019,-0.0007,0.3450,-0.1318,-0.2423,-0.2750,0.0149,1,6.00,0.031,0.943,0.072,,-0.0047,-0.1191,1.7201,-0.2991,-0.1887,-0.1291,-0.2709,0.1030,0.0155,1,0.00,0.003,0.031,0.002,,-0.0017,-0.1011,1.6983,-0.2991,0.1904,-0.1323
0.926,156,tripod,0.0425,-0.0658,0.1443,0.0107,0.0053,0.0752,0.0058,-0.0093,0.0114,0.0417,0.0350,0.0017,0.000,0.000,0.0086,0.0052,0.0107,0.0053,0.0752,0.1291,0,0.3529,-0.2303,0.0149,1,5.00,0.017,0.846,0.000,,0.0021,-0.1381,1.7434,0.2978,-0.1887,-0.1258,0.3242,0.1478,0.0148,1,0.00,0.003,0.021,0.002,,0.0050,-0.1142,1.7182,0.2976,0.1904,-0.1300,0.0668,-0.4068,0.0151,1,0.00,0.000,0.031,0.001,,-0.0029,-0.1392,1.7435,-0.0007,-0.3433,-0.1256,0.0151,0.2795,0.0162,1,0.00,0.000,0.023,0.001,,0.0031,-0.1037,1.7016,-0.0007,0.3450,-0.1318,-0.2423,-0.2750,0.0152,1,0.00,0.003,0.032,0.006,,-0.0048,-0.1226,1.7232,-0.2991,-0.1886,-0.1285,-0.2709,0.1030,0.0149,1,5.13,0.018,0.820,0.060,,-0.0019,-0.0964,1.6941,-0.2991,0.1905,-0.1331
0.947,160,tripod,0.0426,-0.0657,0.1439,0.0101,0.0062,0.0752,0.0057,0.0055,-0.0512,-0.0528,0.0277,0.0001,0.000,0.000,0.0091,0.0052,0.0101,0.0062,0.0752,0.1288,0,0.3529,-0.2303,0.0150,1,7.15,0.047,0.980,0.215,,0.0022,-0.1419,1.7468,0.2978,-0.1886,-0.1252,0.3242,0.1478,0.0148,1,0.00,0.005,0.056,0.006,,0.0051,-0.1193,1.7224,0.2977,0.1905,-0.1291,0.0669,-0.4068,0.0149,1,0.39,0.059,0.035,0.009,,-0.0029,-0.1398,1.7445,-0.0007,-0.3432,-0.1255,0.0151,0.2795,0.0153,1,0.00,0.003,0.035,0.005,,0.0031,-0.1009,1.6988,-0.0007,0.3450,-0.1323,-0.2423,-0.2750,0.0158,1,0.00,0.004,0.025,0.004,,-0.0050,-0.1253,1.7258,-0.2990,-0.1886,-0.1281,-0.2708,0.1030,0.0149,1,6.32,0.113,1.048,0.026,,-0.0022,-0.0980,1.6953,-0.2991,0.1905,-0.1328
0.967,164,tripod,0.0427,-0.0660,0.1434,0.0118,0.0067,0.0752,0.0178,-0.0177,-0.0189,0.0836,0.2003,-0.0008,0.000,0.000,0.0094,0.0054,0.0118,0.0067,0.0752,0.1282,0,0.3529,-0.2303,0.0151,1,0.00,0.026,0.060,0.011,,0.0023,-0.1473,1.7516,0.2978,-0.1886,-0.1242,0.3243,0.1478,0.0160,1,0.00,0.025,0.072,0.016,,0.0053,-0.1278,1.7294,0.2977,0.1905,-0.1276,0.0669,-0.4068,0.0148,1,0.00,0.050,0.064,0.008,,-0.0029,-0.1457,1.7497,-0.0007,-0.3432,-0.1245,0.0151,0.2795,0.0147,1,5.79,0.855,0.945,0.040,,0.0031,-0.0981,1.6962,-0.0007,0.3451,-0.1328,-0.2423,-0.2750,0.0149,1,10.98,0.826,0.799,1.086,,-0.0052,-0.1239,1.7248,-0.2990,-0.1885,-0.1283,-0.2708,0.1030,0.0156,1,0.00,0.027,0.162,0.003,,-0.0023,-0.1039,1.7004,-0.2991,0.1906,-0.1318
0.988,168,tripod,0.0429,-0.0661,0.1430,0.0119,0.0076,0.0752,0.0076,-0.0027,-0.0482,0.0005,0.0464,0.0009,0.000,0.000,0.0102,0.0059,0.0119,0.0076,0.0752,0.1277,0,0.3529,-0.2303,0.0149,1,3.63,0.043,0.466,0.138,,0.0025,-0.1511,1.7551,0.2978,-0.1885,-0.1236,0.3243,0.1477,0.0161,1,0.00,0.002,0.034,0.004,,0.0055,-0.1313,1.7322,0.2977,0.1906,-0.1270,0.0669,-0.4068,0.0154,1,0.00,0.002,0.036,0.008,,-0.0029,-0.1518,1.7551,-0.0007,-0.3431,-0.1235,0.0151,0.2795,0.0146,1,3.82,0.066,0.499,0.147,,0.0032,-0.1001,1.6976,-0.0007,0.3451,-0.1325,-0.2423,-0.2750,0.0148,1,3.87,0.008,0.543,0.101,,-0.0055,-0.1245,1.7256,-0.2990,-0.1885,-0.1282,-0.2708,0.1030,0.0161,1,0.00,0.000,0.031,0.001,,-0.0025,-0.1056,1.7017,-0.2991,0.1906,-0.1315
1.009,172,tripod,0.0429,-0.0661,0.1419,0.0117,0.0076,0.0752,-0.0001,-0.0109,-0.0028,0.0567,-0.0037,0.0004,0.000,0.000,0.0105,0.0066,0.0117,0.0076,0.0752,0.1270,0,0.3529,-0.2303,0.0152,1,0.00,0.013,0.037,0.015,,0.0026,-0.1600,1.7626,0.2977,-0.1885,-0.1220,0.3243,0.1478,0.0148,1,9.83,1.471,1.593,0.081,,0.0058,-0.1307,1.7318,0.2976,0.1906,-0.1271,0.0669,-0.4068,0.0148,1,7.67,1.075,1.542,0.273,,-0.0030,-0.1538,1.7573,-0.0007,-0.3430,-0.1231,0.0151,0.2795,0.0147,1,0.00,0.050,0.184,0.012,,0.0033,-0.1081,1.7042,-0.0008,0.3452,-0.1311,-0.2423,-0.2750,0.0149,1,0.00,0.083,0.168,0.010,,-0.0057,-0.1314,1.7314,-0.2991,-0.1884,-0.1270,-0.2708,0.1030,0.0147,1,19.59,0.613,2.171,1.112,,-0.0027,-0.1042,1.7002,-0.2991,0.1907,-0.1318
1.029,176,tripod,0.0429,-0.0663,0.1413,0.0128,0.0078,0.0752,0.0023,-0.0093,-0.0635,0.0532,0.0111,-0.0005,0.000,0.000,0.0108,0.0068,0.0128,0.0078,0.0752,0.1261,0,0.3529,-0.2303,0.0157,1,0.00,0.002,0.037,0.008,,0.0027,-0.1660,1.7678,0.2977,-0.1884,-0.1210,0.3243,0.1477,0.0148,1,3.76,0.044,0.494,0.132,,0.0060,-0.1333,1.7340,0.2976,0.1907,-0.1267,0.0669,-0.4068,0.0148,1,4.14,0.048,0.454,0.254,,-0.0031,-0.1593,1.7622,-0.0007,-0.3430,-0.1222,0.0151,0.2795,0.0160,1,0.00,0.001,0.038,0.009,,0.0034,-0.1162,1.7109,-0.0008,0.3452,-0.1297,-0.2423,-0.2751,0.0155,1,0.00,0.004,0.038,0.008,,-0.0059,-0.1386,1.7375,-0.2991,-0.1884,-0.1258,-0.2708,0.1030,0.0147,1,3.83,0.116,0.439,0.212,,-0.0028,-0.1063,1.7018,-0.2991,0.1907,-0.1314
1.050,180,tripod,0.0429,-0.0662,0.1401,0.0115,0.0077,0.0752,0.0001,0.0257,-0.0699,-0.2012,-0.0224,-0.0015,0.000,0.000,0.0112,0.0069,0.0115,0.0077,0.0752,0.1251,0,0.3529,-0.2303,0.0149,1,5.57,0.002,0.781,0.167,,0.0028,-0.1679,1.7698,0.2977,-0.1884,-0.1207,0.3243,0.1477,0.0148,1,0.08,0.006,0.025,0.006,,0.0062,-0.1421,1.7412,0.2976,0.1907,-0.1252,0.0669,-0.4068,0.0155,1,0.00,0.000,0.043,0.014,,-0.0031,-0.1695,1.7706,-0.0007,-0.3429,-0.1204,0.0151,0.2795,0.0152,1,0.00,0.001,0.033,0.003,,0.0035,-0.1195,1.7134,-0.0008,0.3453,-0.1291,-0.2423,-0.2750,0.0150,1,0.83,0.056,0.158,0.063,,-0.0061,-0.1416,1.7400,-0.2991,-0.1883,-0.1253,-0.2708,0.1030,0.0147,1,5.09,0.070,0.678,0.182,,-0.0029,-0.1148,1.7089,-0.2991,0.1908,-0.1299
1.071,184,tripod,0.0429,-0.0663,0.1393,0.0127,0.0075,0.0752,-0.0005,-0.0099,-0.0512,0.0650,-0.0087,-0.0009,0.000,0.000,0.0110,0.0069,0.0127,0.0075,0.0752,0.1239,0,0.3528,-0.2303,0.0149,1,4.31,0.017,0.572,0.147,,0.0029,-0.1730,1.7741,0.2976,-0.1883,-0.1198,0.3243,0.1477,0.0158,1,0.00,0.002,0.042,0.010,,0.0063,-0.1513,1.7488,0.2976,0.1908,-0.1236,0.0669,-0.4068,0.0156,1,0.00,0.000,0.042,0.007,,-0.0032,-0.1755,1.7756,-0.0007,-0.3429,-0.1194,0.0151,0.2795,0.0149,1,4.77,0.026,0.613,0.199,,0.0036,-0.1212,1.7149,-0.0008,0.3453,-0.1288,-0.2423,-0.2750,0.0149,1,4.03,0.014,0.493,0.182,,-0.0063,-0.1475,1.7450,-0.2991,-0.1883,-0.1242,-0.2708,0.1030,0.0158,1,0.00,0.002,0.045,0.013,,-0.0030,-0.1258,1.7180,-0.2992,0.1908,-0.1280
1.092,188,tripod,0.0429,-0.0664,0.1386,0.0130,0.0073,0.0751,0.0003,0.0022,-0.0204,-0.0397,-0.0030,0.0004,0.000,0.000,0.0114,0.0068,0.0130,0.0073,0.0751,0.1233,0,0.3528,-0.2303,0.0149,1,0.00,0.003,0.041,0.007,,0.0030,-0.1782,1.7785,0.2976,-0.1883,-0.1189,0.3243,0.1477,0.0159,1,0.00,0.003,0.040,0.003,,0.0065,-0.1546,1.7515,0.2976,0.1908,-0.1230,0.0669,-0.4068,0.0149,1,7.17,0.113,1.040,0.172,,-0.0032,-0.1764,1.7767,-0.0007,-0.3429,-0.1192,0.0151,0.2795,0.0148,1,6.83,0.112,1.099,0.045,,0.0037,-0.1239,1.7170,-0.0008,0.3453,-0.1283,-0.2422,-0.2750,0.0150,1,0.00,0.003,0.043,0.008,,-0.0064,-0.1533,1.7499,-0.2991,-0.1883,-0.1232,-0.2708,0.1030,0.0161,1,0.00,0.003,0.043,0.005,,-0.0031,-0.1309,1.7223,-0.2992,0.1908,-0.1271
1.112,192,tripod,0.0429,-0.0664,0.1383,0.0124,0.0074,0.0751,0.0001,0.0017,-0.0154,-0.0316,-0.0020,0.0002,0.000,0.000,0.0115,0.0067,0.0124,0.0074,0.0751,0.1232,0,0.3528,-0.2304,0.0152,1,0.00,0.000,0.036,0.002,,0.0031,-0.1804,1.7804,0.2976,-0.1883,-0.1185,0.3243,0.1477,0.0152,1,0.00,0.001,0.033,0.003,,0.0067,-0.1523,1.7496,0.2976,0.1908,-0.1234,0.0669,-0.4068,0.0148,1,6.52,0.089,0.957,0.141,,-0.0033,-0.1762,1.7768,-0.0007,-0.3428,-0.1193,0.0151,0.2795,0.0147,1,6.28,0.088,1.004,0.051,,0.0037,-0.1263,1.7187,-0.0008,0.3454,-0.1279,-0.2422,-0.2751,0.0152,1,0.00,0.001,0.035,0.001,,-0.0065,-0.1546,1.7511,-0.2991,-0.1882,-0.1230,-0.2708,0.1030,0.0157,1,0.00,0.000,0.034,0.002,,-0.0032,-0.1301,1.7214,-0.2992,0.1909,-0.1273
1.133,196,tripod,0.0429,-0.0664,0.1386,0.0126,0.0069,0.0751,0.0066,-0.0142,0.0256,0.0879,0.0438,-0.0008,0.000,0.000,0.0113,0.0064,0.0126,0.0069,0.0751,0.1236,0,0.3528,-0.2304,0.0152,1,0.00,0.001,0.022,0.003,,0.0031,-0.1775,1.7783,0.2976,-0.1883,-0.1190,0.3243,0.1477,0.0148,1,5.35,0.157,0.821,0.094,,0.0068,-0.1478,1.7458,0.2975,0.1909,-0.1242,0.0669,-0.4068,0.0150,1,0.00,0.002,0.025,0.001,,-0.0033,-0.1761,1.7770,-0.0007,-0.3428,-0.1193,0.0151,0.2794,0.0152,1,0.00,0.003,0.036,0.003,,0.0037,-0.1284,1.7203,-0.0008,0.3454,-0.1276,-0.2422,-0.2751,0.0148,1,4.81,0.018,0.716,0.113,,-0.0067,-0.1520,1.7489,-0.2991,-0.1882,-0.1235,-0.2708,0.1030,0.0149,1,0.93,0.130,0.083,0.064,,-0.0033,-0.1250,1.7169,-0.2992,0.1909,-0.1281
1.153,200,tripod,0.0429,-0.0665,0.1392,0.0129,0.0067,0.0751,-0.0025,-0.0023,0.0348,0.0005,-0.0229,-0.0001,0.000,0.000,0.0114,0.0063,0.0129,0.0067,0.0751,0.1240,0,0.3528,-0.2304,0.0149,1,5.88,0.059,0.895,0.125,,0.0032,-0.1722,1.7741,0.2976,-0.1882,-0.1199,0.3243,0.1477,0.0150,1,0.00,0.001,0.028,0.003,,0.0069,-0.1454,1.7437,0.2975,0.1909,-0.1246,0.0669,-0.4068,0.0152,1,0.00,0.000,0.031,0.001,,-0.0033,-0.1745,1.7758,-0.0007,-0.3428,-0.1196,0.0152,0.2794,0.0160,1,0.00,0.000,0.030,0.002,,0.0037,-0.1278,1.7197,-0.0008,0.3454,-0.1277,-0.2422,-0.2751,0.0150,1,0.00,0.001,0.030,0.001,,-0.0067,-0.1505,1.7478,-0.2991,-0.1882,-0.1237,-0.2708,0.1030,0.0148,1,5.73,0.075,0.920,0.071,,-0.0034,-0.1210,1.7133,-0.2992,0.1909,-0.1288
1.174,204,tripod,0.0428,-0.0665,0.1398,0.0128,0.0064,0.0751,-0.0038,-0.0023,0.0444,0.0005,-0.0303,-0.0006,0.000,0.000,0.0115,0.0061,0.0128,0.0064,0.0751,0.1247,0,0.3528,-0.2304,0.0148,1,0.00,0.005,0.030,0.004,,0.0033,-0.1683,1.7710,0.2976,-0.1882,-0.1206,0.3243,0.1477,0.0149,1,7.30,0.154,1.011,0.273,,0.0070,-0.1407,1.7398,0.2975,0.1909,-0.1254,0.0669,-0.4068,0.0150,1,0.00,0.004,0.027,0.006,,-0.0033,-0.1694,1.7719,-0.0007,-0.3427,-0.1204,0.0152,0.2794,0.0157,1,0.00,0.004,0.039,0.007,,0.0037,-0.1227,1.7151,-0.0008,0.3454,-0.1285,-0.2422,-0.2751,0.0149,1,6.80,0.122,1.080,0.100,,-0.0068,-0.1467,1.7447,-0.2991,-0.1882,-0.1244,-0.2708,0.1030,0.0148,1,0.00,0.005,0.039,0.004,,-0.0035,-0.1183,1.7109,-0.2992,0.1910,-0.1293
1.195,208,tripod,0.0427,-0.0665,0.1405,0.0123,0.0056,0.0751,-0.0012,-0.0100,0.0625,0.0588,-0.0086,-0.0005,0.000,0.000,0.0113,0.0057,0.0123,0.0056,0.0751,0.1255,0,0.3528,-0.2304,0.0154,1,0.00,0.007,0.029,0.004,,0.0034,-0.1652,1.7686,0.2976,-0.1882,-0.1211,0.3243,0.1477,0.0149,1,0.00,0.012,0.031,0.004,,0.0071,-0.1363,1.7359,0.2976,0.1909,-0.1262,0.0669,-0.4069,0.0149,1,7.37,0.026,1.259,0.009,,-0.0032,-0.1633,1.7670,-0.0007,-0.3427,-0.1215,0.0151,0.2795,0.0149,1,8.41,0.027,1.116,0.362,,0.0036,-0.1147,1.7080,-0.0008,0.3455,-0.1299,-0.2422,-0.2751,0.0150,1,0.00,0.011,0.046,0.004,,-0.0069,-0.1437,1.7424,-0.2991,-0.1881,-0.1249,-0.2708,0.1030,0.0149,1,0.00,0.007,0.051,0.001,,-0.0036,-0.1169,1.7096,-0.2992,0.1910,-0.1296
1.216,212,tripod,0.0427,-0.0666,0.1412,0.0131,0.0053,0.0751,-0.0137,-0.0093,0.0388,0.0475,-0.1214,0.0007,0.000,0.000,0.0114,0.0053,0.0131,0.0053,0.0751,0.1261,0,0.3528,-0.2304,0.0150,1,7.54,0.568,0.745,0.548,,0.0035,-0.1591,1.7635,0.2976,-0.1882,-0.1222,0.3243,0.1477,0.0153,1,0.00,0.023,0.103,0.006,,0.0071,-0.1331,1.7330,0.2976,0.1909,-0.1267,0.0669,-0.4069,0.0148,1,1.23,0.159,0.153,0.023,,-0.0031,-0.1606,1.7649,-0.0007,-0.3427,-0.1219,0.0151,0.2795,0.0148,1,5.36,0.774,0.934,0.031,,0.0036,-0.1086,1.7025,-0.0008,0.3455,-0.1310,-0.2422,-0.2751,0.0151,1,0.00,0.018,0.033,0.002,,-0.0069,-0.1413,1.7405,-0.2991,-0.1881,-0.1253,-0.2708,0.1030,0.0156,1,0.00,0.021,0.039,0.000,,-0.0037,-0.1157,1.7088,-0.2992,0.1910,-0.1298
1.237,216,tripod,0.0426,-0.0667,0.1419,0.0129,0.0047,0.0751,-0.0043,0.0008,0.0249,-0.0168,-0.0179,0.0002,0.000,0.000,0.0116,0.0048,0.0129,0.0047,0.0751,0.1269,0,0.3528,-0.2304,0.0149,1,3.48,0.064,0.586,0.003,,0.0036,-0.1534,1.7587,0.2977,-0.1882,-0.1232,0.3243,0.1477,0.0152,1,0.00,0.001,0.021,0.009,,0.0071,-0.1262,1.7269,0.2976,0.1910,-0.1279,0.0669,-0.4069,0.0152,1,0.00,0.000,0.026,0.001,,-0.0030,-0.1585,1.7634,-0.0007,-0.3427,-0.1223,0.0151,0.2795,0.0147,1,3.54,0.093,0.566,0.034,,0.0034,-0.1048,1.6989,-0.0008,0.3455,-0.1317,-0.2422,-0.2751,0.0148,1,3.29,0.025,0.524,0.037,,-0.0069,-0.1370,1.7371,-0.2991,-0.1881,-0.1260,-0.2708,0.1030,0.0152,1,0.00,0.001,0.023,0.008,,-0.0039,-0.1101,1.7040,-0.2991,0.1910,-0.1307
1.258,220,tripod,0.0425,-0.0668,0.1423,0.0138,0.0045,0.0752,-0.0029,-0.0046,0.0040,0.0224,-0.0061,-0.0002,0.000,0.000,0.0119,0.0044,0.0138,0.0045,0.0752,0.1272,0,0.3528,-0.2304,0.0152,1,0.00,0.002,0.030,0.003,,0.0038,-0.1540,1.7591,0.2977,-0.1881,-0.1231,0.3243,0.1477,0.0149,1,3.56,0.029,0.547,0.052,,0.0071,-0.1215,1.7226,0.2976,0.1910,-0.1287,0.0669,-0.4069,0.0148,1,3.59,0.029,0.557,0.045,,-0.0029,-0.1562,1.7617,-0.0007,-0.3427,-0.1227,0.0151,0.2794,0.0155,1,0.00,0.000,0.029,0.001,,0.0033,-0.1054,1.6995,-0.0008,0.3455,-0.1315,-0.2422,-0.2751,0.0152,1,0.00,0.002,0.031,0.004,,-0.0069,-0.1383,1.7385,-0.2990,-0.1881,-0.1258,-0.2708,0.1030,0.0148,1,3.21,0.049,0.566,0.035,,-0.0040,-0.1061,1.7006,-0.2991,0.1910,-0.1314
1.280,224,tripod,0.0425,-0.0668,0.1419,0.0139,0.0046,0.0752,-0.0018,-0.0111,-0.0014,0.0633,0.0004,-0.0002,0.000,0.000,0.0122,0.0042,0.0139,0.0046,0.0752,0.1269,0,0.3528,-0.2304,0.0149,1,4.05,0.495,0.721,0.058,,0.0039,-0.1540,1.7590,0.2977,-0.1881,-0.1231,0.3243,0.1477,0.0150,1,0.00,0.024,0.047,0.008,,0.0071,-0.1250,1.7253,0.2977,0.1910,-0.1281,0.0669,-0.4069,0.0152,1,0.00,0.002,0.038,0.004,,-0.0027,-0.1607,1.7654,-0.0006,-0.3427,-0.1219,0.0151,0.2794,0.0149,1,7.25,0.122,0.919,0.317,,0.0031,-0.1037,1.6979,-0.0007,0.3456,-0.1318,-0.2422,-0.2751,0.0149,1,3.68,0.375,0.726,0.133,,-0.0069,-0.1386,1.7390,-0.2990,-0.1881,-0.1258,-0.2708,0.1030,0.0150,1,0.00,0.026,0.046,0.009,,-0.0041,-0.1099,1.7042,-0.2991,0.1910,-0.1308
1.301,228,tripod,0.0425,-0.0670,0.1413,0.0147,0.0045,0.0752,-0.0020,-0.0002,-0.0447,-0.0326,-0.0021,0.0008,0.000,0.000,0.0126,0.0041,0.0147,0.0045,0.0752,0.1262,0,0.3528,-0.2304,0.0149,1,0.00,0.023,0.099,0.006,,0.0041,-0.1587,1.7628,0.2977,-0.1881,-0.1223,0.3243,0.1477,0.0156,1,0.00,0.019,0.037,0.007,,0.0071,-0.1305,1.7298,0.2977,0.1910,-0.1272,0.0669,-0.4069,0.0150,1,14.42,0.180,1.777,0.664,,-0.0026,-0.1642,1.7685,-0.0006,-0.3426,-0.1213,0.0151,0.2794,0.0149,1,10.33,0.162,1.916,0.169,,0.0030,-0.1055,1.6993,-0.0007,0.3456,-0.1315,-0.2422,-0.2751,0.0149,1,0.00,0.018,0.104,0.007,,-0.0068,-0.1435,1.7434,-0.2990,-0.1881,-0.1249,-0.2708,0.1029,0.0153,1,0.00,0.019,0.040,0.005,,-0.0043,-0.1130,1.7071,-0.2990,0.1911,-0.1302
1.322,232,tripod,0.0425,-0.0670,0.1407,0.0145,0.0052,0.0752,-0.0054,-0.0110,-0.0163,0.0663,-0.0302,0.0003,0.000,0.000,0.0129,0.0042,0.0145,0.0052,0.0752,0.1257,0,0.3528,-0.2304,0.0150,1,0.00,0.013,0.046,0.006,,0.0042,-0.1635,1.7667,0.2978,-0.1881,-0.1214,0.3243,0.1477,0.0149,1,6.33,0.163,0.823,0.247,,0.0071,-0.1309,1.7300,0.2977,0.1910,-0.1271,0.0669,-0.4069,0.0149,1,4.35,0.410,0.612,0.110,,-0.0025,-0.1667,1.7706,-0.0006,-0.3426,-0.1209,0.0151,0.2794,0.0150,1,0.00,0.024,0.049,0.009,,0.0028,-0.1105,1.7035,-0.0007,0.3456,-0.1307,-0.2422,-0.2752,0.0155,1,0.00,0.009,0.038,0.003,,-0.0069,-0.1481,1.7474,-0.2989,-0.1880,-0.1241,-0.2708,0.1029,0.0149,1,4.23,0.560,0.626,0.080,,-0.0045,-0.1132,1.7074,-0.2990,0.1911,-0.1302
1.343,236,tripod,0.0425,-0.0670,0.1401,0.0148,0.0050,0.0752,0.0009,0.0095,-0.0262,-0.0803,0.0165,0.0015,0.000,0.000,0.0132,0.0043,0.0148,0.0050,0.0752,0.1250,0,0.3528,-0.2305,0.0150,1,1.44,0.058,0.178,0.023,,0.0043,-0.1670,1.7695,0.2978,-0.1881,-0.1208,0.3243,0.1476,0.0148,1,5.46,0.022,0.817,0.103,,0.0072,-0.1338,1.7322,0.2977,0.1911,-0.1266,0.0669,-0.4069,0.0151,1,0.00,0.003,0.049,0.010,,-0.0024,-0.1735,1.7762,-0.0005,-0.3426,-0.1197,0.0151,0.2794,0.0155,1,0.00,0.002,0.034,0.006,,0.0028,-0.1158,1.7079,-0.0006,0.3456,-0.1297,-0.2422,-0.2752,0.0148,1,6.60,0.057,0.914,0.207,,-0.0069,-0.1485,1.7480,-0.2989,-0.1880,-0.1240,-0.2708,0.1029,0.0150,1,0.00,0.005,0.036,0.008,,-0.0046,-0.1181,1.7117,-0.2990,0.1911,-0.1293
1.364,240,tripod,0.0425,-0.0670,0.1396,0.0141,0.0053,0.0752,0.0040,-0.0079,-0.0105,0.0516,0.0287,0.0002,0.000,0.000,0.0130,0.0045,0.0141,0.0053,0.0752,0.1246,0,0.3528,-0.2304,0.0150,1,4.21,0.129,0.593,0.116,,0.0044,-0.1691,1.7711,0.2978,-0.1880,-0.1205,0.3243,0.1477,0.0148,1,0.00,0.005,0.046,0.006,,0.0072,-0.1380,1.7356,0.2978,0.1911,-0.1259,0.0669,-0.4069,0.0158,1,0.00,0.000,0.036,0.004,,-0.0024,-0.1775,1.7795,-0.0005,-0.3426,-0.1190,0.0151,0.2794,0.0149,1,6.00,0.004,0.800,0.222,,0.0027,-0.1162,1.7081,-0.0006,0.3456,-0.1297,-0.2422,-0.2751,0.0147,1,4.61,0.163,0.722,0.047,,-0.0070,-0.1491,1.7486,-0.2989,-0.1880,-0.1239,-0.2708,0.1029,0.0150,1,0.00,0.006,0.047,0.003,,-0.0047,-0.1208,1.7140,-0.2990,0.1911,-0.1289
1.385,244,tripod,0.0426,-0.0671,0.1394,0.0149,0.0059,0.0752,0.0067,-0.0058,-0.0108,0.0378,0.0532,0.0014,0.000,0.000,0.0130,0.0047,0.0149,0.0059,0.0752,0.1245,0,0.3528,-0.2304,0.0149,1,6.22,0.022,0.911,0.154,,0.0044,-0.1716,1.7732,0.2978,-0.1880,-0.1200,0.3243,0.1476,0.0152,1,0.00,0.003,0.034,0.004,,0.0072,-0.1412,1.7382,0.2978,0.1911,-0.1253,0.0669,-0.4069,0.0153,1,0.00,0.000,0.037,0.001,,-0.0024,-0.1767,1.7790,-0.0005,-0.3426,-0.1192,0.0151,0.2794,0.0148,1,0.00,0.001,0.030,0.001,,0.0027,-0.1156,1.7075,-0.0006,0.3457,-0.1298,-0.2422,-0.2752,0.0147,1,0.00,0.003,0.038,0.003,,-0.0070,-0.1507,1.7500,-0.2989,-0.1880,-0.1237,-0.2708,0.1029,0.0149,1,6.46,0.043,0.864,0.252,,-0.0048,-0.1193,1.7127,-0.2989,0.1911,-0.1291
1.407,248,tripod,0.0426,-0.0670,0.1395,0.0143,0.0062,0.0752,-0.0022,0.0053,0.0005,-0.0430,-0.0235,-0.0008,0.000,0.000,0.0132,0.0052,0.0143,0.0062,0.0752,0.1245,0,0.3528,-0.2305,0.0153,1,0.00,0.001,0.031,0.004,,0.0045,-0.1740,1.7752,0.2978,-0.1880,-0.1196,0.3243,0.1476,0.0150,1,3.60,0.019,0.528,0.083,,0.0073,-0.1404,1.7377,0.2977,0.1911,-0.1255,0.0669,-0.4069,0.0149,1,4.06,0.074,0.681,0.004,,-0.0024,-0.1733,1.7764,-0.0005,-0.3425,-0.1197,0.0151,0.2794,0.0148,1,0.00,0.001,0.031,0.001,,0.0028,-0.1165,1.7082,-0.0006,0.3457,-0.1296,-0.2422,-0.2752,0.0153,1,0.00,0.000,0.031,0.003,,-0.0071,-0.1526,1.7516,-0.2989,-0.1880,-0.1233,-0.2707,0.1029,0.0149,1,3.29,0.036,0.522,0.027,,-0.0048,-0.1188,1.7121,-0.2990,0.1912,-0.1292
1.428,252,tripod,0.0426,-0.0669,0.1390,0.0132,0.0062,0.0752,-0.0012,0.0227,-0.0336,-0.1998,-0.0531,0.0029,0.000,0.000,0.0129,0.0054,0.0132,0.0062,0.0752,0.1240,0,0.3528,-0.2304,0.0149,1,9.09,0.608,0.661,0.893,,0.0045,-0.1729,1.7745,0.2978,-0.1880,-0.1198,0.3243,0.1476,0.0149,1,0.58,0.028,0.044,0.004,,0.0074,-0.1443,1.7409,0.2977,0.1911,-0.1248,0.0669,-0.4069,0.0150,1,0.00,0.020,0.133,0.002,,-0.0025,-0.1758,1.7784,-0.0006,-0.3425,-0.1193,0.0151,0.2794,0.0150,1,0.00,0.020,0.050,0.012,,0.0028,-0.1225,1.7133,-0.0006,0.3457,-0.1286,-0.2422,-0.2752,0.0149,1,5.05,0.649,0.779,0.058,,-0.0072,-0.1521,1.7512,-0.2989,-0.1879,-0.1234,-0.2708,0.1029,0.0150,1,0.00,0.025,0.066,0.012,,-0.0048,-0.1238,1.7163,-0.2990,0.1912,-0.1284
1.450,256,tripod,0.0425,-0.0666,0.1386,0.0112,0.0056,0.0752,-0.0052,0.0157,-0.0229,-0.1002,-0.0398,-0.0001,0.000,0.000,0.0119,0.0054,0.0112,0.0056,0.0752,0.1235,0,0.3528,-0.2304,0.0148,1,4.97,0.024,0.790,0.034,,0.0044,-0.1713,1.7732,0.2978,-0.1880,-0.1201,0.3243,0.1476,0.0151,1,0.00,0.001,0.039,0.005,,0.0073,-0.1487,1.7447,0.2977,0.1911,-0.1240,0.0669,-0.4069,0.0159,1,0.00,0.000,0.034,0.003,,-0.0025,-0.1788,1.7806,-0.0006,-0.3425,-0.1188,0.0151,0.2794,0.0149,1,2.94,0.187,0.457,0.005,,0.0029,-0.1283,1.7184,-0.0007,0.3457,-0.1276,-0.2422,-0.2751,0.0149,1,2.96,0.001,0.384,0.105,,-0.0071,-0.1527,1.7516,-0.2989,-0.1880,-0.1233,-0.2707,0.1029,0.0150,1,1.89,0.175,0.236,0.054,,-0.0047,-0.1289,1.7207,-0.2990,0.1911,-0.1275
1.471,260,tripod,0.0424,-0.0664,0.1383,0.0104,0.0049,0.0752,-0.0050,0.0051,-0.0172,-0.0124,-0.0360,-0.0001,0.000,0.000,0.0106,0.0050,0.0104,0.0049,0.0752,0.1232,0,0.3528,-0.2304,0.0148,1,0.61,0.077,0.067,0.005,,0.0042,-0.1713,1.7731,0.2978,-0.1881,-0.1201,0.3243,0.1477,0.0149,1,5.84,0.145,0.876,0.114,,0.0072,-0.1491,1.7453,0.2977,0.1910,-0.1240,0.0669,-0.4069,0.0158,1,0.00,0.000,0.032,0.002,,-0.0025,-0.1774,1.7794,-0.0006,-0.3426,-0.1190,0.0151,0.2794,0.0151,1,0.00,0.000,0.039,0.007,,0.0029,-0.1329,1.7225,-0.0007,0.3456,-0.1268,-0.2422,-0.2751,0.0148,1,6.23,0.080,0.863,0.198,,-0.0070,-0.1543,1.7528,-0.2989,-0.1880,-0.1230,-0.2707,0.1029,0.0151,1,0.00,0.001,0.039,0.006,,-0.0045,-0.1334,1.7247,-0.2990,0.1911,-0.1267
1.493,264,tripod,0.0424,-0.0663,0.1382,0.0101,0.0046,0.0752,-0.0006,0.0117,0.0242,-0.0770,-0.0031,0.0018,0.000,0.000,0.0099,0.0046,0.0101,0.0046,0.0752,0.1232,0,0.3528,-0.2304,0.0149,1,0.00,0.014,0.047,0.003,,0.0040,-0.1724,1.7738,0.2978,-0.1881,-0.1199,0.3243,0.1476,0.0149,1,0.00,0.014,0.045,0.001,,0.0069,-0.1499,1.7461,0.2977,0.1910,-0.1238,0.0669,-0.4069,0.0149,1,9.63,0.131,1.245,0.418,,-0.0025,-0.1726,1.7752,-0.0006,-0.3426,-0.1199,0.0151,0.2794,0.0149,1,7.76,0.124,1.538,0.266,,0.0028,-0.1330,1.7230,-0.0007,0.3456,-0.1268,-0.2422,-0.2751,0.0148,1,0.00,0.014,0.050,0.004,,-0.0067,-0.1565,1.7544,-0.2989,-0.1881,-0.1227,-0.2707,0.1029,0.0149,1,0.00,0.014,0.046,0.000,,-0.0043,-0.1345,1.7259,-0.2990,0.1910,-0.1265
1.514,268,tripod,0.0424,-0.0661,0.1384,0.0090,0.0048,0.0752,0.0042,0.0121,0.0003,-0.0558,0.0387,0.0008,0.000,0.000,0.0092,0.0043,0.0090,0.0048,0.0752,0.1234,0,0.3528,-0.2304,0.0154,1,0.00,0.001,0.020,0.001,,0.0038,-0.1724,1.7735,0.2978,-0.1882,-0.1199,0.3243,0.1477,0.0150,1,0.00,0.003,0.023,0.000,,0.0066,-0.1502,1.7465,0.2977,0.1909,-0.1238,0.0669,-0.4069,0.0148,1,4.84,0.015,0.820,0.005,,-0.0025,-0.1684,1.7714,-0.0006,-0.3427,-0.1206,0.0151,0.2794,0.0148,1,4.25,0.009,0.706,0.001,,0.0028,-0.1331,1.7234,-0.0006,0.3455,-0.1268,-0.2422,-0.2751,0.0156,1,0.00,0.003,0.032,0.000,,-0.0065,-0.1570,1.7546,-0.2989,-0.1881,-0.1226,-0.2707,0.1029,0.0150,1,1.13,0.014,0.156,0.014,,-0.0041,-0.1337,1.7255,-0.2990,0.1910,-0.1266
1.535,272,tripod,0.0423,-0.0661,0.1385,0.0089,0.0044,0.0752,0.0038,0.0072,0.0198,-0.0307,0.0413,0.0014,0.000,0.000,0.0085,0.0042,0.0089,0.0044,0.0752,0.1235,0,0.3528,-0.2304,0.0150,1,0.00,0.005,0.035,0.005,,0.0036,-0.1688,1.7703,0.2978,-0.1882,-0.1205,0.3243,0.1477,0.0149,1,7.32,0.051,1.286,0.051,,0.0063,-0.1487,1.7454,0.2978,0.1909,-0.1240,0.0669,-0.4068,0.0148,1,0.00,0.009,0.042,0.001,,-0.0024,-0.1688,1.7713,-0.0006,-0.3428,-0.1205,0.0151,0.2794,0.0151,1,0.00,0.008,0.046,0.003,,0.0027,-0.1351,1.7257,-0.0006,0.3454,-0.1264,-0.2422,-0.2751,0.0149,1,8.64,0.073,1.079,0.417,,-0.0062,-0.1536,1.7517,-0.2989,-0.1882,-0.1232,-0.2708,0.1029,0.0150,1,0.00,0.005,0.048,0.003,,-0.0039,-0.1352,1.7271,-0.2989,0.1909,-0.1264
1.557,276,tripod,0.0422,-0.0658,0.1389,0.0077,0.0040,0.0752,-0.0025,0.0066,0.0269,-0.0192,-0.0055,-0.0010,0.000,0.000,0.0079,0.0039,0.0077,0.0040,0.0752,0.1238,0,0.3528,-0.2303,0.0149,1,6.69,0.028,1.080,0.065,,0.0034,-0.1640,1.7661,0.2978,-0.1883,-0.1214,0.3243,0.1477,0.0150,1,0.00,0.009,0.036,0.000,,0.0060,-0.1484,1.7453,0.2978,0.1908,-0.1241,0.0669,-0.4068,0.0156,1,0.00,0.004,0.025,0.001,,-0.0024,-0.1682,1.7704,-0.0005,-0.3428,-0.1206,0.0151,0.2794,0.0149,1,0.00,0.006,0.047,0.000,,0.0026,-0.1336,1.7249,-0.0006,0.3454,-0.1267,-0.2422,-0.2751,0.0149,1,0.14,0.010,0.014,0.007,,-0.0059,-0.1501,1.7487,-0.2989,-0.1883,-0.1238,-0.2707,0.1029,0.0150,1,7.37,0.043,1.074,0.190,,-0.0036,-0.1339,1.7263,-0.2989,0.1908,-0.1266
1.579,280,tripod,0.0422,-0.0658,0.1392,0.0077,0.0039,0.0752,-0.0042,0.0003,0.0173,0.0254,-0.0200,-0.0006,0.000,0.000,0.0073,0.0037,0.0077,0.0039,0.0752,0.1242,0,0.3528,-0.2303,0.0148,1,1.28,0.123,0.160,0.030,,0.0032,-0.1614,1.7637,0.2978,-0.1884,-0.1218,0.3243,0.1477,0.0150,1,7.01,0.023,0.957,0.248,,0.0057,-0.1458,1.7432,0.2978,0.1907,-0.1245,0.0669,-0.4068,0.0153,1,0.00,0.009,0.020,0.006,,-0.0023,-0.1640,1.7666,-0.0005,-0.3429,-0.1214,0.0151,0.2794,0.0150,1,0.00,0.010,0.058,0.000,,0.0025,-0.1328,1.7248,-0.0006,0.3453,-0.1268,-0.2422,-0.2751,0.0149,1,4.77,0.063,0.748,0.080,,-0.0056,-0.1484,1.7471,-0.2989,-0.1883,-0.1241,-0.2708,0.1029,0.0149,1,2.28,0.146,0.400,0.044,,-0.0034,-0.1318,1.7248,-0.2989,0.1907,-0.1270
1.600,284,tripod,0.0421,-0.0656,0.1397,0.0070,0.0036,0.0752,-0.0017,0.0082,0.0363,-0.0344,-0.0025,0.0007,0.000,0.000,0.0069,0.0035,0.0070,0.0036,0.0752,0.1246,0,0.3528,-0.2303,0.0153,1,0.00,0.001,0.027,0.001,,0.0030,-0.1603,1.7625,0.2978,-0.1884,-0.1220,0.3243,0.1477,0.0150,1,0.00,0.004,0.026,0.002,,0.0054,-0.1430,1.7410,0.2978,0.1906,-0.1250,0.0669,-0.4068,0.0149,1,5.99,0.042,0.966,0.049,,-0.0022,-0.1579,1.7611,-0.0005,-0.3430,-0.1224,0.0151,0.2794,0.0149,1,5.95,0.041,0.983,0.029,,0.0024,-0.1302,1.7231,-0.0006,0.3452,-0.1272,-0.2422,-0.2751,0.0152,1,0.00,0.004,0.035,0.000,,-0.0053,-0.1478,1.7465,-0.2988,-0.1884,-0.1242,-0.2708,0.1029,0.0149,1,0.00,0.001,0.035,0.000,,-0.0032,-0.1309,1.7245,-0.2989,0.1907,-0.1271
1.621,288,tripod,0.0421,-0.0655,0.1398,0.0065,0.0036,0.0752,-0.0009,0.0142,0.0285,-0.0783,0.0025,0.0001,0.000,0.000,0.0065,0.0033,0.0065,0.0036,0.0752,0.1249,0,0.3528,-0.2303,0.0149,1,12.51,0.368,1.762,0.339,,0.0028,-0.1564,1.7590,0.2979,-0.1885,-0.1227,0.3243,0.1477,0.0150,1,3.16,0.341,0.551,0.075,,0.0051,-0.1429,1.7410,0.2978,0.1906,-0.1250,0.0669,-0.4068,0.0148,1,0.00,0.003,0.120,0.000,,-0.0021,-0.1562,1.7593,-0.0005,-0.3430,-0.1227,0.0151,0.2794,0.0148,1,0.00,0.004,0.046,0.003,,0.0023,-0.1302,1.7235,-0.0005,0.3451,-0.1272,-0.2422,-0.2751,0.0149,1,7.83,0.315,1.007,0.280,,-0.0051,-0.1441,1.7434,-0.2988,-0.1885,-0.1248,-0.2708,0.1029,0.0149,1,8.29,0.392,1.336,0.045,,-0.0030,-0.1303,1.7244,-0.2989,0.1906,-0.1272
1.643,292,tripod,0.0421,-0.0652,0.1399,0.0052,0.0038,0.0751,-0.0009,0.0129,-0.0251,-0.0642,0.0022,-0.0012,0.000,0.000,0.0058,0.0033,0.0052,0.0038,0.0751,0.1249,0,0.3528,-0.2303,0.0148,1,5.09,0.000,0.756,0.106,,0.0027,-0.1546,1.7572,0.2979,-0.1885,-0.1230,0.3243,0.1477,0.0150,1,0.28,0.049,0.023,0.010,,0.0048,-0.1444,1.7424,0.2978,0.1905,-0.1248,0.0669,-0.4068,0.0151,1,0.00,0.001,0.024,0.003,,-0.0021,-0.1543,1.7574,-0.0005,-0.3431,-0.1230,0.0152,0.2794,0.0149,1,0.00,0.001,0.034,0.006,,0.0022,-0.1331,1.7265,-0.0005,0.3451,-0.1267,-0.2422,-0.2750,0.0149,1,0.46,0.037,0.078,0.027,,-0.0048,-0.1424,1.7419,-0.2988,-0.1885,-0.1251,-0.2708,0.1029,0.0149,1,4.88,0.080,0.750,0.078,,-0.0028,-0.1308,1.7250,-0.2989,0.1905,-0.1271
1.664,296,tripod,0.0421,-0.0649,0.1394,0.0032,0.0040,0.0752,-0.0008,0.0216,-0.0255,-0.1165,0.0042,0.0024,0.000,0.000,0.0047,0.0034,0.0032,0.0040,0.0752,0.1244,0,0.3528,-0.2302,0.0151,1,0.00,0.002,0.036,0.004,,0.0024,-0.1573,1.7591,0.2979,-0.1886,-0.1225,0.3243,0.1477,0.0150,1,0.46,0.032,0.009,0.029,,0.0045,-0.1495,1.7468,0.2979,0.1904,-0.1239,0.0669,-0.4067,0.0148,1,6.11,0.018,0.991,0.032,,-0.0020,-0.1514,1.7545,-0.0005,-0.3431,-0.1235,0.0151,0.2795,0.0149,1,5.23,0.193,0.826,0.037,,0.0021,-0.1393,1.7321,-0.0005,0.3450,-0.1257,-0.2422,-0.2750,0.0153,1,0.00,0.002,0.034,0.002,,-0.0045,-0.1446,1.7435,-0.2988,-0.1886,-0.1247,-0.2708,0.1030,0.0149,1,0.94,0.151,0.143,0.028,,-0.0025,-0.1351,1.7291,-0.2988,0.1905,-0.1264
1.686,300,tripod,0.0420,-0.0646,0.1390,0.0016,0.0040,0.0752,0.0013,0.0231,-0.0116,-0.1246,0.0191,0.0008,0.000,0.000,0.0033,0.0035,0.0016,0.0040,0.0752,0.1241,0,0.3528,-0.2302,0.0150,1,5.42,0.530,0.823,0.090,,0.0021,-0.1568,1.7584,0.2979,-0.1887,-0.1226,0.3243,0.1478,0.0151,1,0.00,0.007,0.002,0.007,,0.0041,-0.1542,1.7509,0.2979,0.1903,-0.1231,0.0669,-0.4067,0.0148,1,0.00,0.023,0.084,0.001,,-0.0020,-0.1506,1.7533,-0.0005,-0.3432,-0.1237,0.0152,0.2795,0.0148,1,4.81,0.362,0.909,0.132,,0.0020,-0.1445,1.7371,-0.0005,0.3449,-0.1248,-0.2422,-0.2750,0.0149,1,9.63,0.191,1.130,0.490,,-0.0041,-0.1429,1.7418,-0.2988,-0.1887,-0.1250,-0.2708,0.1030,0.0148,1,0.00,0.028,0.075,0.006,,-0.0021,-0.1393,1.7330,-0.2988,0.1904,-0.1257
1.707,304,tripod,0.0421,-0.0642,0.1389,0.0002,0.0044,0.0752,0.0008,0.0141,-0.0104,-0.0511,0.0120,-0.0001,0.000,0.000,0.0018,0.0037,0.0002,0.0044,0.0752,0.1239,0,0.3528,-0.2302,0.0149,1,0.26,0.017,0.001,0.017,,0.0016,-0.1569,1.7581,0.2979,-0.1888,-0.1226,0.3243,0.1478,0.0149,1,5.95,0.060,0.907,0.107,,0.0036,-0.1563,1.7529,0.2979,0.1902,-0.1227,0.0669,-0.4067,0.0152,1,0.00,0.001,0.032,0.001,,-0.0020,-0.1507,1.7527,-0.0005,-0.3433,-0.1237,0.0152,0.2795,0.0149,1,0.00,0.000,0.040,0.007,,0.0020,-0.1490,1.7417,-0.0005,0.3448,-0.1240,-0.2422,-0.2750,0.0148,1,6.31,0.060,0.865,0.218,,-0.0037,-0.1412,1.7401,-0.2988,-0.1888,-0.1253,-0.2707,0.1030,0.0151,1,0.00,0.002,0.039,0.006,,-0.0017,-0.1429,1.7365,-0.2988,0.1902,-0.1250
1.729,308,tripod,0.0421,-0.0640,0.1388,-0.0009,0.0047,0.0752,0.0056,0.0172,0.0052,-0.0686,0.0420,-0.0000,0.000,0.000,0.0006,0.0039,-0.0009,0.0047,0.0752,0.1238,0,0.3528,-0.2302,0.0151,1,0.00,0.002,0.034,0.001,,0.0012,-0.1577,1.7584,0.2979,-0.1889,-0.1224,0.3243,0.1478,0.0148,1,3.83,0.011,0.558,0.084,,0.0032,-0.1581,1.7548,0.2979,0.1901,-0.1224,0.0669,-0.4067,0.0149,1,4.61,0.116,0.693,0.093,,-0.0020,-0.1477,1.7495,-0.0005,-0.3435,-0.1242,0.0152,0.2795,0.0150,1,0.00,0.000,0.037,0.004,,0.0020,-0.1520,1.7451,-0.0005,0.3446,-0.1235,-0.2422,-0.2750,0.0149,1,0.00,0.002,0.032,0.000,,-0.0032,-0.1410,1.7395,-0.2988,-0.1889,-0.1253,-0.2707,0.1030,0.0149,1,4.20,0.083,0.656,0.048,,-0.0012,-0.1425,1.7366,-0.2988,0.1901,-0.1251
1.750,312,tripod,0.0421,-0.0638,0.1388,-0.0015,0.0049,0.0752,-0.0013,0.0097,0.0043,-0.0138,-0.0097,-0.0000,0.000,0.000,-0.0004,0.0042,-0.0015,0.0049,0.0752,0.1239,0,0.3528,-0.2301,0.0149,1,3.30,0.041,0.498,0.042,,0.0006,-0.1562,1.7568,0.2979,-0.1891,-0.1227,0.3243,0.1478,0.0149,1,0.00,0.001,0.035,0.003,,0.0027,-0.1600,1.7568,0.2979,0.1900,-0.1221,0.0669,-0.4066,0.0149,1,3.11,0.058,0.454,0.064,,-0.0020,-0.1459,1.7471,-0.0005,-0.3436,-0.1245,0.0152,0.2795,0.0150,1,3.12,0.019,0.547,0.050,,0.0021,-0.1526,1.7464,-0.0005,0.3445,-0.1234,-0.2422,-0.2750,0.0151,1,0.00,0.001,0.032,0.002,,-0.0027,-0.1402,1.7383,-0.2988,-0.1890,-0.1255,-0.2707,0.1030,0.0148,1,2.85,0.009,0.435,0.034,,-0.0007,-0.1421,1.7365,-0.2988,0.1900,-0.1252
1.772,316,tripod,0.0422,-0.0636,0.1390,-0.0020,0.0054,0.0752,0.0032,0.0086,0.0155,-0.0103,0.0163,0.0002,0.000,0.000,-0.0011,0.0044,-0.0020,0.0054,0.0752,0.1240,0,0.3528,-0.2301,0.0149,1,0.00,0.005,0.034,0.000,,0.0002,-0.1558,1.7561,0.2979,-0.1892,-0.1228,0.3243,0.1478,0.0149,1,6.70,0.066,1.028,0.123,,0.0023,-0.1601,1.7574,0.2979,0.1898,-0.1221,0.0669,-0.4066,0.0151,1,0.00,0.003,0.033,0.001,,-0.0021,-0.1457,1.7462,-0.0005,-0.3437,-0.1245,0.0152,0.2795,0.0149,1,0.00,0.003,0.040,0.002,,0.0021,-0.1528,1.7473,-0.0005,0.3444,-0.1233,-0.2422,-0.2749,0.0149,1,6.89,0.083,0.977,0.201,,-0.0023,-0.1367,1.7349,-0.2988,-0.1892,-0.1261,-0.2707,0.1030,0.0151,1,0.00,0.005,0.038,0.001,,-0.0002,-0.1425,1.7373,-0.2988,0.1899,-0.1251
1.792,320,tripod,0.0422,-0.0634,0.1392,-0.0020,0.0057,0.0752,0.0016,0.0074,0.0246,-0.0104,0.0052,-0.0007,0.000,0.000,-0.0015,0.0048,-0.0020,0.0057,0.0752,0.1243,0,0.3528,-0.2301,0.0150,1,0.00,0.000,0.066,0.001,,-0.0003,-0.1551,1.7554,0.2978,-0.1893,-0.1229,0.3243,0.1478,0.0148,1,0.00,0.004,0.055,0.001,,0.0019,-0.1588,1.7569,0.2979,0.1897,-0.1223,0.0669,-0.4066,0.0150,1,11.60,0.092,1.672,0.314,,-0.0022,-0.1433,1.7435,-0.0005,-0.3438,-0.1249,0.0152,0.2795,0.0150,1,10.51,0.091,1.776,0.015,,0.0022,-0.1513,1.7470,-0.0005,0.3443,-0.1236,-0.2422,-0.2749,0.0148,1,0.00,0.005,0.059,0.004,,-0.0019,-0.1347,1.7327,-0.2988,-0.1893,-0.1264,-0.2707,0.1030,0.0151,1,0.00,0.001,0.049,0.003,,0.0003,-0.1403,1.7357,-0.2989,0.1897,-0.1255
1.814,324,tripod,0.0424,-0.0633,0.1396,-0.0021,0.0064,0.0752,0.0073,0.0070,0.0180,-0.0099,0.0429,-0.0001,0.000,0.000,-0.0018,0.0051,-0.0021,0.0064,0.0752,0.1246,0,0.3528,-0.2301,0.0149,1,2.99,0.076,0.449,0.046,,-0.0007,-0.1537,1.7540,0.2978,-0.1894,-0.1231,0.3243,0.1478,0.0149,1,0.00,0.000,0.033,0.001,,0.0016,-0.1583,1.7569,0.2978,0.1896,-0.1224,0.0669,-0.4066,0.0149,1,3.05,0.096,0.460,0.048,,-0.0023,-0.1404,1.7404,-0.0005,-0.3439,-0.1255,0.0152,0.2795,0.0149,1,2.74,0.012,0.483,0.047,,0.0023,-0.1490,1.7456,-0.0005,0.3442,-0.1240,-0.2422,-0.2749,0.0152,1,0.00,0.000,0.031,0.001,,-0.0017,-0.1336,1.7313,-0.2989,-0.1894,-0.1266,-0.2707,0.1030,0.0149,1,3.29,0.002,0.491,0.066,,0.0007,-0.1363,1.7324,-0.2989,0.1897,-0.1262
1.835,328,tripod,0.0425,-0.0632,0.1397,-0.0022,0.0070,0.0752,0.0055,0.0054,0.0034,-0.0054,0.0271,-0.0001,0.000,0.000,-0.0019,0.0056,-0.0022,0.0070,0.0752,0.1248,0,0.3528,-0.2301,0.0149,1,3.01,0.080,0.444,0.053,,-0.0011,-0.1534,1.7537,0.2978,-0.1895,-0.1232,0.3243,0.1478,0.0150,1,0.00,0.000,0.034,0.002,,0.0014,-0.1587,1.7577,0.2978,0.1896,-0.1223,0.0669,-0.4066,0.0148,1,3.16,0.105,0.468,0.057,,-0.0024,-0.1391,1.7388,-0.0006,-0.3440,-0.1257,0.0152,0.2795,0.0149,1,2.79,0.016,0.486,0.043,,0.0025,-0.1480,1.7453,-0.0006,0.3441,-0.1241,-0.2422,-0.2749,0.0150,1,0.00,0.000,0.029,0.006,,-0.0014,-0.1298,1.7276,-0.2989,-0.1895,-0.1273,-0.2707,0.1030,0.0149,1,3.36,0.001,0.494,0.070,,0.0011,-0.1342,1.7308,-0.2989,0.1896,-0.1265
1.857,332,tripod,0.0427,-0.0631,0.1399,-0.0027,0.0083,0.0752,0.0120,0.0082,0.0071,-0.0320,0.0661,-0.0002,0.000,0.000,-0.0021,0.0063,-0.0027,0.0083,0.0752,0.1250,0,0.3528,-0.2301,0.0149,1,0.21,0.011,0.018,0.021,,-0.0014,-0.1540,1.7542,0.2977,-0.1895,-0.1231,0.3244,0.1479,0.0149,1,5.74,0.078,0.876,0.106,,0.0012,-0.1597,1.7589,0.2978,0.1895,-0.1221,0.0669,-0.4066,0.0152,1,0.00,0.002,0.033,0.000,,-0.0026,-0.1389,1.7382,-0.0006,-0.3440,-0.1257,0.0152,0.2795,0.0149,1,0.00,0.002,0.032,0.002,,0.0026,-0.1482,1.7460,-0.0006,0.3440,-0.1241,-0.2422,-0.2749,0.0148,1,6.16,0.104,0.824,0.240,,-0.0013,-0.1250,1.7231,-0.2989,-0.1895,-0.1281,-0.2707,0.1030,0.0151,1,0.00,0.002,0.029,0.002,,0.0014,-0.1328,1.7296,-0.2990,0.1895,-0.1268
1.879,336,tripod,0.0429,-0.0629,0.1400,-0.0031,0.0095,0.0752,0.0137,0.0106,-0.0015,-0.0492,0.0730,0.0001,0.000,0.000,-0.0024,0.0072,-0.0031,0.0095,0.0752,0.1251,0,0.3528,-0.2301,0.0149,1,0.00,0.002,0.031,0.002,,-0.0017,-0.1555,1.7556,0.2977,-0.1896,-0.1228,0.3244,0.1479,0.0148,1,3.42,0.034,0.452,0.133,,0.0011,-0.1614,1.7608,0.2977,0.1894,-0.1218,0.0669,-0.4066,0.0149,1,4.05,0.082,0.598,0.097,,-0.0029,-0.1363,1.7357,-0.0007,-0.3441,-0.1262,0.0152,0.2795,0.0150,1,0.00,0.002,0.031,0.002,,0.0029,-0.1488,1.7469,-0.0007,0.3440,-0.1240,-0.2422,-0.2749,0.0149,1,0.00,0.000,0.025,0.003,,-0.0012,-0.1229,1.7208,-0.2990,-0.1896,-0.1285,-0.2707,0.1030,0.0149,1,3.58,0.100,0.542,0.070,,0.0018,-0.1295,1.7267,-0.2990,0.1894,-0.1274
1.900,340,tripod,0.0430,-0.0629,0.1399,-0.0028,0.0100,0.0752,0.0044,0.0014,-0.0081,0.0152,0.0029,0.0001,0.000,0.000,-0.0026,0.0081,-0.0028,0.0100,0.0752,0.1249,0,0.3529,-0.2301,0.0151,1,0.00,0.004,0.041,0.003,,-0.0021,-0.1578,1.7576,0.2976,-0.1896,-0.1224,0.3244,0.1479,0.0152,1,0.00,0.002,0.043,0.006,,0.0011,-0.1653,1.7645,0.2976,0.1894,-0.1211,0.0669,-0.4066,0.0148,1,6.33,0.002,0.972,0.097,,-0.0032,-0.1368,1.7357,-0.0007,-0.3442,-0.1261,0.0153,0.2795,0.0149,1,6.29,0.001,0.976,0.093,,0.0032,-0.1482,1.7468,-0.0007,0.3439,-0.1241,-0.2422,-0.2749,0.0150,1,0.00,0.002,0.029,0.001,,-0.0011,-0.1231,1.7203,-0.2991,-0.1896,-0.1285,-0.2707,0.1030,0.0150,1,0.00,0.003,0.029,0.001,,0.0021,-0.1292,1.7262,-0.2991,0.1894,-0.1274
1.921,344,tripod,0.0432,-0.0628,0.1398,-0.0028,0.0104,0.0752,-0.0006,-0.0008,-0.0041,0.0296,-0.0438,-0.0010,0.000,0.000,-0.0026,0.0089,-0.0028,0.0104,0.0752,0.1248,0,0.3529,-0.2301,0.0149,1,0.00,0.002,0.045,0.004,,-0.0024,-0.1585,1.7586,0.2975,-0.1897,-0.1223,0.3244,0.1479,0.0150,1,7.46,0.041,1.072,0.215,,0.0011,-0.1646,1.7645,0.2976,0.1893,-0.1213,0.0669,-0.4066,0.0151,1,0.00,0.005,0.045,0.005,,-0.0035,-0.1393,1.7375,-0.0008,-0.3442,-0.1257,0.0153,0.2795,0.0150,1,0.00,0.006,0.041,0.005,,0.0035,-0.1500,1.7486,-0.0008,0.3439,-0.1238,-0.2422,-0.2749,0.0150,1,7.19,0.015,1.045,0.184,,-0.0011,-0.1228,1.7195,-0.2991,-0.1897,-0.1285,-0.2707,0.1030,0.0149,1,0.16,0.017,0.008,0.002,,0.0024,-0.1289,1.7257,-0.2992,0.1893,-0.1275
1.942,348,tripod,0.0431,-0.0628,0.1394,-0.0030,0.0095,0.0752,-0.0061,0.0100,-0.0379,-0.0674,-0.0802,0.0034,0.000,0.000,-0.0025,0.0090,-0.0030,0.0095,0.0752,0.1245,0,0.3529,-0.2301,0.0150,1,7.64,0.085,0.999,0.297,,-0.0026,-0.1593,1.7595,0.2975,-0.1897,-0.1222,0.3244,0.1479,0.0149,1,0.00,0.002,0.051,0.003,,0.0011,-0.1655,1.7657,0.2975,0.1893,-0.1211,0.0669,-0.4066,0.0149,1,0.08,0.008,0.027,0.003,,-0.0038,-0.1399,1.7379,-0.0009,-0.3442,-0.1255,0.0153,0.2795,0.0150,1,0.00,0.004,0.038,0.002,,0.0037,-0.1517,1.7503,-0.0009,0.3438,-0.1235,-0.2422,-0.2749,0.0150,1,0.00,0.000,0.029,0.007,,-0.0012,-0.1270,1.7225,-0.2992,-0.1897,-0.1278,-0.2706,0.1030,0.0149,1,6.57,0.045,1.052,0.068,,0.0027,-0.1330,1.7289,-0.2992,0.1893,-0.1267
1.963,352,tripod,0.0430,-0.0629,0.1391,-0.0022,0.0087,0.0752,-0.0038,-0.0053,-0.0218,0.0494,-0.0399,-0.0008,0.000,0.000,-0.0025,0.0086,-0.0022,0.0087,0.0752,0.1239,0,0.3528,-0.2301,0.0150,1,0.78,0.004,0.088,0.011,,-0.0028,-0.1606,1.7608,0.2974,-0.1897,-0.1219,0.3244,0.1479,0.0155,1,0.00,0.001,0.036,0.004,,0.0011,-0.1686,1.7686,0.2975,0.1893,-0.1206,0.0669,-0.4066,0.0148,1,5.73,0.084,0.843,0.123,,-0.0040,-0.1431,1.7403,-0.0009,-0.3442,-0.1250,0.0153,0.2795,0.0148,1,6.10,0.085,0.932,0.104,,0.0039,-0.1513,1.7502,-0.0009,0.3438,-0.1236,-0.2422,-0.2749,0.0152,1,0.00,0.001,0.039,0.006,,-0.0012,-0.1324,1.7267,-0.2993,-0.1897,-0.1268,-0.2707,0.1031,0.0154,1,0.00,0.000,0.038,0.006,,0.0029,-0.1385,1.7333,-0.2993,0.1893,-0.1258
1.984,356,tripod,0.0431,-0.0629,0.1387,-0.0018,0.0087,0.0752,0.0073,0.0010,-0.0136,-0.0044,0.0474,-0.0001,0.000,0.000,-0.0021,0.0081,-0.0018,0.0087,0.0752,0.1238,0,0.3528,-0.2301,0.0149,1,3.92,0.035,0.536,0.120,,-0.0029,-0.1627,1.7626,0.2974,-0.1897,-0.1216,0.3244,0.1479,0.0151,1,0.00,0.001,0.033,0.002,,0.0011,-0.1672,1.7676,0.2974,0.1893,-0.1208,0.0669,-0.4066,0.0149,1,0.00,0.001,0.037,0.004,,-0.0041,-0.1462,1.7429,-0.0009,-0.3443,-0.1244,0.0153,0.2795,0.0147,1,4.39,0.095,0.657,0.076,,0.0040,-0.1520,1.7509,-0.0009,0.3438,-0.1234,-0.2422,-0.2749,0.0149,1,4.33,0.084,0.595,0.132,,-0.0012,-0.1327,1.7268,-0.2993,-0.1897,-0.1268,-0.2707,0.1030,0.0153,1,0.00,0.001,0.033,0.001,,0.0030,-0.1385,1.7333,-0.2993,0.1893,-0.1258
2.005,360,tripod,0.0431,-0.0631,0.1388,-0.0006,0.0087,0.0752,0.0072,-0.0174,-0.0098,0.1234,0.0466,-0.0003,0.000,0.000,-0.0017,0.0079,-0.0006,0.0087,0.0752,0.1238,0,0.3529,-0.2301,0.0151,1,0.00,0.001,0.025,0.002,,-0.0029,-0.1643,1.7639,0.2974,-0.1897,-0.1213,0.3244,0.1479,0.0149,1,5.00,0.131,0.747,0.105,,0.0011,-0.1645,1.7655,0.2974,0.1893,-0.1213,0.0669,-0.4066,0.0151,1,0.00,0.001,0.027,0.003,,-0.0041,-0.1485,1.7447,-0.0009,-0.3443,-0.1241,0.0153,0.2795,0.0153,1,0.00,0.001,0.032,0.002,,0.0041,-0.1533,1.7519,-0.0009,0.3438,-0.1232,-0.2422,-0.2749,0.0148,1,4.50,0.055,0.676,0.092,,-0.0012,-0.1331,1.7270,-0.2993,-0.1898,-0.1267,-0.2707,0.1030,0.0150,1,0.79,0.061,0.092,0.027,,0.0030,-0.1351,1.7303,-0.2993,0.1893,-0.1264
2.026,364,tripod,0.0431,-0.0631,0.1388,-0.0008,0.0086,0.0752,-0.0015,-0.0003,0.0009,-0.0091,-0.0207,0.0001,0.000,0.000,-0.0011,0.0079,-0.0008,0.0086,0.0752,0.1238,0,0.3529,-0.2301,0.0149,1,6.42,0.106,0.887,0.213,,-0.0029,-0.1628,1.7628,0.2974,-0.1897,-0.1216,0.3244,0.1479,0.0151,1,0.00,0.000,0.034,0.002,,0.0012,-0.1658,1.7666,0.2974,0.1893,-0.1210,0.0670,-0.4066,0.0150,1,0.00,0.001,0.032,0.000,,-0.0042,-0.1483,1.7448,-0.0010,-0.3442,-0.1241,0.0153,0.2795,0.0151,1,0.00,0.001,0.032,0.003,,0.0041,-0.1516,1.7503,-0.0009,0.3438,-0.1235,-0.2422,-0.2749,0.0152,1,0.00,0.000,0.035,0.003,,-0.0013,-0.1355,1.7290,-0.2993,-0.1897,-0.1263,-0.2706,0.1030,0.0149,1,5.99,0.118,0.968,0.055,,0.0030,-0.1350,1.7300,-0.2993,0.1893,-0.1264
2.047,368,tripod,0.0431,-0.0632,0.1391,-0.0003,0.0085,0.0752,0.0073,-0.0030,0.0191,0.0105,0.0506,-0.0003,0.000,0.000,-0.0007,0.0077,-0.0003,0.0085,0.0752,0.1241,0,0.3529,-0.2301,0.0149,1,3.73,0.231,0.582,0.059,,-0.0028,-0.1618,1.7621,0.2974,-0.1897,-0.1217,0.3244,0.1478,0.0152,1,0.00,0.003,0.006,0.002,,0.0013,-0.1643,1.7653,0.2974,0.1893,-0.1213,0.0670,-0.4066,0.0149,1,0.00,0.021,0.057,0.000,,-0.0042,-0.1473,1.7441,-0.0010,-0.3442,-0.1243,0.0153,0.2795,0.0149,1,5.48,0.425,0.846,0.092,,0.0041,-0.1478,1.7471,-0.0009,0.3438,-0.1242,-0.2422,-0.2749,0.0150,1,7.52,0.205,0.961,0.315,,-0.0014,-0.1330,1.7270,-0.2993,-0.1897,-0.1268,-0.2706,0.1030,0.0151,1,0.00,0.019,0.068,0.001,,0.0029,-0.1351,1.7301,-0.2993,0.1893,-0.1264
2.067,372,tripod,0.0432,-0.0632,0.1395,0.0001,0.0088,0.0752,-0.0014,-0.0041,0.0243,0.0172,-0.0136,0.0001,0.000,0.000,-0.0004,0.0078,0.0001,0.0088,0.0752,0.1244,0,0.3529,-0.2301,0.0151,1,0.00,0.000,0.034,0.001,,-0.0027,-0.1619,1.7623,0.2974,-0.1897,-0.1217,0.3244,0.1478,0.0149,1,6.01,0.070,0.896,0.154,,0.0014,-0.1602,1.7619,0.2974,0.1893,-0.1220,0.0670,-0.4066,0.0151,1,0.00,0.002,0.035,0.001,,-0.0042,-0.1470,1.7440,-0.0010,-0.3442,-0.1243,0.0153,0.2795,0.0150,1,0.00,0.002,0.029,0.002,,0.0042,-0.1461,1.7455,-0.0010,0.3438,-0.1245,-0.2422,-0.2749,0.0149,1,5.98,0.045,0.902,0.137,,-0.0015,-0.1302,1.7247,-0.2993,-0.1897,-0.1272,-0.2706,0.1030,0.0152,1,0.00,0.000,0.028,0.004,,0.0028,-0.1321,1.7275,-0.2993,0.1893,-0.1269
2.088,376,tripod,0.0432,-0.0633,0.1398,0.0001,0.0092,0.0752,0.0070,0.0029,0.0217,-0.0314,0.0437,0.0000,0.000,0.000,-0.0000,0.0079,0.0001,0.0092,0.0752,0.1249,0,0.3529,-0.2301,0.0150,1,0.00,0.001,0.030,0.003,,-0.0026,-0.1596,1.7606,0.2974,-0.1896,-0.1221,0.3244,0.1478,0.0148,1,3.65,0.013,0.523,0.097,,0.0016,-0.1583,1.7602,0.2974,0.1894,-0.1223,0.0670,-0.4066,0.0149,1,4.40,0.060,0.706,0.036,,-0.0042,-0.1437,1.7415,-0.0010,-0.3441,-0.1249,0.0153,0.2795,0.0151,1,0.00,0.001,0.030,0.003,,0.0042,-0.1438,1.7433,-0.0010,0.3439,-0.1249,-0.2422,-0.2749,0.0151,1,0.00,0.000,0.031,0.001,,-0.0016,-0.1295,1.7242,-0.2993,-0.1897,-0.1274,-0.2706,0.1030,0.0149,1,3.88,0.024,0.577,0.086,,0.0027,-0.1275,1.7233,-0.2993,0.1894,-0.1277
2.109,380,tripod,0.0432,-0.0633,0.1400,0.0002,0.0088,0.0752,0.0065,0.0033,-0.0045,-0.0433,0.0571,-0.0001,0.000,0.000,0.0001,0.0080,0.0002,0.0088,0.0752,0.1250,0,0.3529,-0.2301,0.0149,1,4.78,0.572,0.780,0.030,,-0.0025,-0.1578,1.7592,0.2974,-0.1896,-0.1224,0.3244,0.1478,0.0152,1,0.00,0.000,0.019,0.002,,0.0017,-0.1586,1.7604,0.2974,0.1894,-0.1223,0.0670,-0.4066,0.0149,1,0.00,0.035,0.094,0.001,,-0.0043,-0.1434,1.7414,-0.0010,-0.3441,-0.1249,0.0153,0.2795,0.0149,1,5.24,0.734,0.876,0.015,,0.0042,-0.1422,1.7418,-0.0010,0.3439,-0.1251,-0.2422,-0.2749,0.0149,1,11.32,0.141,1.244,0.657,,-0.0018,-0.1276,1.7226,-0.2993,-0.1896,-0.1277,-0.2706,0.1030,0.0149,1,0.00,0.037,0.094,0.001,,0.0026,-0.1274,1.7231,-0.2993,0.1894,-0.1277
2.129,384,tripod,0.0432,-0.0633,0.1400,0.0001,0.0090,0.0752,0.0004,-0.0015,0.0053,0.0013,-0.0010,0.0001,0.000,0.000,0.0001,0.0080,0.0001,0.0090,0.0752,0.1249,0,0.3529,-0.2301,0.0152,1,0.00,0.000,0.035,0.002,,-0.0024,-0.1594,1.7606,0.2974,-0.1896,-0.1222,0.3244,0.1478,0.0149,1,6.22,0.103,0.910,0.172,,0.0018,-0.1572,1.7592,0.2974,0.1894,-0.1225,0.0670,-0.4066,0.0153,1,0.00,0.001,0.035,0.002,,-0.0043,-0.1450,1.7430,-0.0010,-0.3441,-0.1247,0.0153,0.2795,0.0152,1,0.00,0.001,0.035,0.002,,0.0043,-0.1439,1.7431,-0.0010,0.3439,-0.1248,-0.2422,-0.2749,0.0148,1,6.18,0.075,0.914,0.160,,-0.0019,-0.1264,1.7216,-0.2993,-0.1896,-0.1279,-0.2706,0.1030,0.0153,1,0.00,0.000,0.035,0.002,,0.0025,-0.1294,1.7247,-0.2993,0.1894,-0.1274
