# SLARC V8.14-fwdpush | rise=0.150 run=0.280 | balance=AUS foothold=AN freeze=AN entry=AN | G_Z=-0.120 G_STEP=0.060
t,frame,mode,bx,by,bz,roll,pitch,yaw,vx,vy,vz,wx,wy,wz,cmd_vx,cmd_yaw,roll_bal,pitch_bal,est_roll,est_pitch,est_yaw,est_height,frozen,front_right_fx,front_right_fy,front_right_fz,front_right_contact,front_right_force,front_right_tau_coxa,front_right_tau_femur,front_right_tau_tibia,front_right_state,front_right_th_c,front_right_th_f,front_right_th_t,front_right_rfx,front_right_rfy,front_right_rfz,front_left_fx,front_left_fy,front_left_fz,front_left_contact,front_left_force,front_left_tau_coxa,front_left_tau_femur,front_left_tau_tibia,front_left_state,front_left_th_c,front_left_th_f,front_left_th_t,front_left_rfx,front_left_rfy,front_left_rfz,mid_right_fx,mid_right_fy,mid_right_fz,mid_right_contact,mid_right_force,mid_right_tau_coxa,mid_right_tau_femur,mid_right_tau_tibia,mid_right_state,mid_right_th_c,mid_right_th_f,mid_right_th_t,mid_right_rfx,mid_right_rfy,mid_right_rfz,mid_left_fx,mid_left_fy,mid_left_fz,mid_left_contact,mid_left_force,mid_left_tau_coxa,mid_left_tau_femur,mid_left_tau_tibia,mid_left_state,mid_left_th_c,mid_left_th_f,mid_left_th_t,mid_left_rfx,mid_left_rfy,mid_left_rfz,rear_right_fx,rear_right_fy,rear_right_fz,rear_right_contact,rear_right_force,rear_right_tau_coxa,rear_right_tau_femur,rear_right_tau_tibia,rear_right_state,rear_right_th_c,rear_right_th_f,rear_right_th_t,rear_right_rfx,rear_right_rfy,rear_right_rfz,rear_left_fx,rear_left_fy,rear_left_fz,rear_left_contact,rear_left_force,rear_left_tau_coxa,rear_left_tau_femur,rear_left_tau_tibia,rear_left_state,rear_left_th_c,rear_left_th_f,rear_left_th_t,rear_left_rfx,rear_left_rfy,rear_left_rfz
0.000,4,placemove,0.6736,0.0013,0.1990,0.0041,-0.2228,-0.0308,0.1535,-0.0582,0.0148,-0.0896,-0.1250,-1.0834,0.000,0.000,0.0026,-0.1312,0.0041,-0.2228,-0.0308,0.1168,0,0.9789,-0.2069,0.1454,1,0.00,0.033,0.003,0.002,,-0.0609,-0.1713,1.7653,0.2910,-0.2013,-0.1201,1.0051,0.1928,0.1544,1,8.04,2.940,2.940,2.940,,0.0228,-0.1923,1.6888,0.3075,0.2012,-0.1161,0.6908,-0.3428,0.0805,1,0.00,0.245,0.118,0.037,,0.0026,-0.1712,1.7646,0.0006,-0.3440,-0.1202,0.7089,0.3450,0.0834,1,0.00,0.030,0.074,0.023,,0.0017,-0.1726,1.7659,-0.0004,0.3440,-0.1199,0.3521,-0.2086,0.0145,1,7.05,2.517,2.457,1.823,,0.0059,-0.1739,1.3658,-0.3484,-0.2204,-0.1091,0.3740,0.2224,0.0146,1,4.10,0.411,1.379,1.006,,0.0040,-0.1761,1.4519,-0.3395,0.2120,-0.1129
0.020,8,placemove,0.6774,-0.0009,0.1994,0.0032,-0.2247,-0.0515,0.2846,-0.1823,0.0334,-0.0018,-0.1253,-1.3137,0.000,0.000,0.0017,-0.0861,0.0032,-0.2247,-0.0515,0.1170,0,0.9704,-0.2254,0.1448,1,0.00,0.167,0.018,0.006,,-0.1182,-0.1711,1.7653,0.2834,-0.2120,-0.1202,1.0052,0.1931,0.1551,1,8.14,2.940,2.940,2.940,,0.0720,-0.2025,1.7091,0.2995,0.2102,-0.1145,0.6880,-0.3452,0.0813,1,0.00,0.098,0.033,0.013,,0.0040,-0.1707,1.7641,0.0009,-0.3441,-0.1202,0.7194,0.3422,0.0835,1,0.00,0.245,0.110,0.002,,0.0021,-0.1730,1.7661,-0.0005,0.3440,-0.1198,0.3500,-0.2065,0.0153,1,0.00,1.286,1.061,0.631,,0.0065,-0.1733,1.3621,-0.3487,-0.2208,-0.1090,0.3792,0.2268,0.0148,1,3.09,1.298,1.857,1.331,,0.0078,-0.1779,1.4312,-0.3428,0.2126,-0.1115
0.040,12,placemove,0.6829,-0.0048,0.1997,0.0009,-0.2224,-0.0745,0.3369,-0.2434,-0.0389,-0.1707,0.5424,-1.3394,0.000,0.000,0.0011,-0.0565,0.0009,-0.2224,-0.0745,0.1169,0,0.9614,-0.2462,0.1435,1,0.00,0.120,0.077,0.018,,-0.1787,-0.1717,1.7656,0.2748,-0.2229,-0.1201,1.0039,0.1937,0.1575,1,0.00,0.094,0.064,0.109,,0.1390,-0.2408,1.7541,0.2881,0.2218,-0.1080,0.6846,-0.3492,0.0823,1,0.00,0.002,0.032,0.010,,0.0016,-0.1715,1.7650,0.0004,-0.3440,-0.1201,0.7331,0.3372,0.0832,1,0.00,0.051,0.040,0.006,,0.0007,-0.1724,1.7658,-0.0002,0.3440,-0.1199,0.3530,-0.1999,0.0153,1,0.00,0.116,0.077,0.086,,0.0022,-0.1724,1.3848,-0.3465,-0.2181,-0.1104,0.3896,0.2310,0.0149,1,0.78,0.243,0.568,0.523,,0.0034,-0.1749,1.4332,-0.3416,0.2134,-0.1123
0.059,16,placemove,0.6884,-0.0087,0.1975,-0.0013,-0.2109,-0.0961,0.3282,-0.2367,-0.1993,-0.0075,0.7968,-1.3194,0.000,0.000,0.0007,-0.0371,-0.0013,-0.2109,-0.0961,0.1163,0,0.9500,-0.2667,0.1370,1,0.00,0.087,0.002,0.009,,-0.2448,-0.1720,1.7657,0.2646,-0.2341,-0.1200,0.9996,0.1942,0.1602,1,0.00,0.117,0.099,0.107,,0.2063,-0.3077,1.8210,0.2754,0.2320,-0.0968,0.6809,-0.3532,0.0810,1,0.00,0.024,0.005,0.001,,0.0003,-0.1719,1.7655,0.0001,-0.3440,-0.1200,0.7451,0.3318,0.0803,1,0.00,0.013,0.002,0.000,,0.0001,-0.1721,1.7657,-0.0000,0.3440,-0.1200,0.3611,-0.1921,0.0157,1,0.00,0.009,0.001,0.098,,0.0002,-0.1720,1.4511,-0.3386,-0.2128,-0.1137,0.4047,0.2299,0.0149,1,0.58,0.010,0.014,0.090,,0.0009,-0.1732,1.4797,-0.3353,0.2106,-0.1146
0.079,20,placemove,0.6938,-0.0126,0.1927,-0.0012,-0.1940,-0.1169,0.3162,-0.2326,-0.3577,0.2177,1.1879,-1.1983,0.000,0.000,0.0005,-0.0243,-0.0012,-0.1940,-0.1169,0.1155,0,0.9372,-0.2853,0.1259,1,0.00,0.091,0.046,0.014,,-0.3108,-0.1720,1.7657,0.2538,-0.2447,-0.1200,0.9941,0.1944,0.1592,1,0.00,0.110,0.085,0.107,,0.2739,-0.3745,1.8880,0.2617,0.2406,-0.0857,0.6771,-0.3567,0.0762,1,0.00,0.003,0.020,0.003,,0.0003,-0.1719,1.7655,0.0001,-0.3440,-0.1200,0.7558,0.3268,0.0753,1,0.00,0.028,0.024,0.002,,0.0000,-0.1721,1.7657,-0.0000,0.3440,-0.1200,0.3689,-0.1850,0.0153,1,0.00,0.013,0.039,0.094,,0.0000,-0.1719,1.5174,-0.3303,-0.2080,-0.1163,0.4170,0.2288,0.0150,1,0.59,0.110,0.346,0.314,,0.0009,-0.1737,1.5187,-0.3304,0.2078,-0.1160
0.099,24,placemove,0.6989,-0.0166,0.1853,-0.0007,-0.1685,-0.1351,0.3007,-0.2382,-0.5134,0.2395,1.7482,-0.9950,0.000,0.000,0.0003,-0.0160,-0.0007,-0.1685,-0.1351,0.1146,0,0.9231,-0.3017,0.1101,1,0.00,0.098,0.018,0.010,,-0.3769,-0.1720,1.7657,0.2422,-0.2545,-0.1200,0.9872,0.1943,0.1537,1,0.00,0.093,0.081,0.107,,0.3412,-0.4413,1.9548,0.2472,0.2476,-0.0750,0.6731,-0.3599,0.0684,1,0.00,0.007,0.004,0.001,,0.0002,-0.1720,1.7656,0.0000,-0.3440,-0.1200,0.7643,0.3221,0.0679,1,0.00,0.034,0.001,0.000,,0.0001,-0.1721,1.7656,-0.0000,0.3440,-0.1200,0.3757,-0.1787,0.0150,1,0.29,0.124,0.112,0.202,,0.0002,-0.1721,1.5821,-0.3221,-0.2033,-0.1181,0.4274,0.2270,0.0150,1,0.00,0.016,0.193,0.218,,0.0004,-0.1730,1.5641,-0.3245,0.2045,-0.1175
0.119,28,placemove,0.7038,-0.0205,0.1753,-0.0006,-0.1347,-0.1506,0.2876,-0.2378,-0.6713,0.3600,2.2262,-0.8660,0.000,0.000,0.0002,-0.0105,-0.0006,-0.1347,-0.1506,0.1132,0,0.9076,-0.3161,0.0902,1,0.00,0.097,0.017,0.011,,-0.4433,-0.1721,1.7657,0.2300,-0.2635,-0.1200,0.9788,0.1937,0.1437,1,0.00,0.101,0.088,0.106,,0.4084,-0.5079,2.0215,0.2321,0.2528,-0.0646,0.6687,-0.3628,0.0580,1,0.00,0.011,0.000,0.001,,0.0001,-0.1720,1.7656,0.0000,-0.3440,-0.1200,0.7707,0.3176,0.0576,1,0.00,0.027,0.003,0.000,,0.0000,-0.1720,1.7656,-0.0000,0.3440,-0.1200,0.3819,-0.1732,0.0150,1,0.28,0.114,0.089,0.185,,0.0001,-0.1721,1.6477,-0.3136,-0.1984,-0.1194,0.4356,0.2244,0.0150,1,0.39,0.005,0.191,0.230,,0.0002,-0.1733,1.6017,-0.3197,0.2018,-0.1183
0.139,32,placemove,0.7085,-0.0245,0.1626,-0.0001,-0.0924,-0.1641,0.2684,-0.2410,-0.8310,0.4783,2.7169,-0.8076,0.000,0.000,0.0001,-0.0069,-0.0001,-0.0924,-0.1641,0.1112,0,0.8906,-0.3284,0.0664,1,0.00,0.365,0.012,0.009,,-0.5082,-0.1721,1.7657,0.2175,-0.2715,-0.1200,0.9726,0.1961,0.1307,1,0.00,0.052,0.101,0.014,,0.4754,-0.5745,2.0475,0.2199,0.2613,-0.0542,0.6639,-0.3654,0.0450,1,0.00,0.070,0.001,0.001,,-0.0000,-0.1721,1.7657,-0.0000,-0.3440,-0.1200,0.7751,0.3135,0.0448,1,0.00,0.023,0.001,0.001,,0.0000,-0.1720,1.7656,-0.0000,0.3440,-0.1200,0.3875,-0.1681,0.0150,1,0.28,0.179,0.075,0.175,,-0.0000,-0.1721,1.7143,-0.3050,-0.1933,-0.1200,0.4421,0.2214,0.0150,1,0.40,0.039,0.204,0.245,,0.0000,-0.1733,1.6419,-0.3145,0.1988,-0.1190
0.159,36,placemove,0.7125,-0.0286,0.1473,-0.0001,-0.0415,-0.1769,0.2264,-0.2333,-0.9848,0.5935,3.2850,-0.5846,0.000,0.000,0.0001,-0.0045,-0.0001,-0.0415,-0.1769,0.1083,0,0.8812,-0.3356,0.0399,1,0.00,0.060,0.060,0.011,,-0.5227,-0.1721,1.7657,0.2147,-0.2732,-0.1200,0.9708,0.1987,0.1149,1,0.00,0.117,0.093,0.002,,0.5197,-0.6410,2.0490,0.2130,0.2691,-0.0434,0.6576,-0.3678,0.0295,1,0.00,0.023,0.027,0.004,,-0.0000,-0.1721,1.7657,-0.0000,-0.3440,-0.1200,0.7779,0.3096,0.0294,1,0.00,0.053,0.034,0.005,,0.0000,-0.1720,1.7656,-0.0000,0.3440,-0.1200,0.3904,-0.1639,0.0150,1,0.41,0.220,0.058,0.051,,-0.0000,-0.1721,1.7612,-0.2989,-0.1898,-0.1200,0.4475,0.2180,0.0149,1,0.99,0.160,0.582,0.609,,-0.0001,-0.1728,1.6867,-0.3086,0.1955,-0.1197
0.180,40,placemove,0.7171,-0.0315,0.1311,-0.0035,0.0108,-0.1810,0.2711,-0.0271,-0.7155,-0.7589,2.0491,0.0680,0.000,0.000,0.0001,-0.0030,-0.0035,0.0108,-0.1810,0.1032,0,0.8775,-0.3387,0.0139,1,30.60,2.146,2.940,2.940,,-0.5230,-0.1958,1.7876,0.2144,-0.2728,-0.1159,0.9752,0.1970,0.0971,1,0.00,0.520,0.284,0.021,,0.5235,-0.7078,2.0491,0.2136,0.2717,-0.0323,0.6537,-0.3696,0.0143,1,31.26,2.940,2.940,2.940,,-0.0006,-0.1831,1.7776,-0.0001,-0.3435,-0.1181,0.7777,0.3071,0.0142,1,31.11,2.455,2.940,2.940,,0.0001,-0.1969,1.7828,-0.0000,0.3443,-0.1157,0.3881,-0.1639,0.0149,1,0.00,0.204,0.141,0.024,,-0.0006,-0.1720,1.7660,-0.2983,-0.1893,-0.1200,0.4530,0.2117,0.0149,1,4.54,1.734,2.940,2.749,,0.0009,-0.1791,1.7586,-0.3001,0.1903,-0.1188
0.201,44,placemove,0.7185,-0.0300,0.1297,-0.0137,0.0202,-0.1811,-0.0494,0.0546,0.2841,0.3474,-0.3370,-0.0921,0.000,0.000,0.0000,-0.0019,-0.0137,0.0202,-0.1811,0.1007,0,0.8777,-0.3385,0.0133,1,31.01,0.649,2.940,2.940,,-0.5236,-0.1956,1.7851,0.2144,-0.2732,-0.1160,0.9780,0.1996,0.0980,1,0.00,0.048,0.133,0.025,,0.5236,-0.7696,2.0491,0.2144,0.2731,-0.0219,0.6540,-0.3696,0.0145,1,0.00,0.109,0.039,0.003,,-0.0002,-0.1734,1.7674,-0.0000,-0.3439,-0.1198,0.7779,0.3071,0.0136,1,30.06,1.862,2.940,2.940,,-0.0000,-0.2217,1.8047,0.0000,0.3439,-0.1115,0.3884,-0.1641,0.0181,1,0.00,0.064,0.009,0.002,,-0.0000,-0.1721,1.7657,-0.2983,-0.1895,-0.1200,0.4557,0.2095,0.0146,1,6.45,2.253,2.932,2.267,,0.0001,-0.1806,1.7656,-0.2992,0.1900,-0.1185
0.220,48,placemove,0.7167,-0.0303,0.1356,-0.0018,0.0074,-0.1816,-0.1128,-0.0334,0.2891,0.5397,-0.8915,-0.0282,0.000,0.000,0.0000,-0.0013,-0.0018,0.0074,-0.1816,0.1030,0,0.8774,-0.3380,0.0144,1,0.00,0.000,0.041,0.015,,-0.5236,-0.1737,1.7668,0.2145,-0.2733,-0.1197,0.9770,0.1998,0.1121,1,0.00,0.001,0.024,0.005,,0.5236,-0.7802,2.0491,0.2145,0.2733,-0.0201,0.6537,-0.3688,0.0162,1,0.00,0.000,0.010,0.002,,-0.0000,-0.1721,1.7657,-0.0000,-0.3440,-0.1200,0.7779,0.3078,0.0150,1,0.00,0.001,0.073,0.036,,-0.0000,-0.1764,1.7695,0.0000,0.3439,-0.1192,0.3882,-0.1630,0.0184,1,0.00,0.001,0.005,0.000,,-0.0000,-0.1721,1.7656,-0.2983,-0.1895,-0.1200,0.4565,0.2098,0.0172,1,0.00,0.001,0.006,0.003,,0.0000,-0.1725,1.7656,-0.2984,0.1895,-0.1199
0.238,52,placemove,0.7148,-0.0309,0.1389,0.0093,-0.0055,-0.1821,-0.1128,-0.0333,0.1223,0.5041,-0.8790,-0.0299,0.000,0.000,0.0000,-0.0008,0.0093,-0.0055,-0.1821,0.1035,0,0.8772,-0.3376,0.0173,1,0.00,0.000,0.002,0.001,,-0.5236,-0.1721,1.7657,0.2145,-0.2733,-0.1200,0.9756,0.1993,0.1216,1,0.00,0.001,0.001,0.001,,0.5236,-0.7809,2.0491,0.2145,0.2733,-0.0200,0.6534,-0.3683,0.0159,1,0.00,0.001,0.001,0.000,,-0.0000,-0.1721,1.7656,-0.0000,-0.3440,-0.1200,0.7779,0.3083,0.0214,1,0.00,0.001,0.004,0.002,,0.0000,-0.1723,1.7659,-0.0000,0.3440,-0.1200,0.3880,-0.1623,0.0160,1,0.00,0.001,0.000,0.000,,0.0000,-0.1721,1.7656,-0.2983,-0.1895,-0.1200,0.4566,0.2104,0.0190,1,0.00,0.001,0.000,0.000,,0.0000,-0.1721,1.7656,-0.2983,0.1895,-0.1200
0.258,56,placemove,0.7141,-0.0311,0.1402,0.0129,-0.0096,-0.1818,-0.0080,-0.0004,0.0268,0.0482,-0.0702,0.0162,0.000,0.000,0.0000,-0.0005,0.0129,-0.0096,-0.1818,0.1036,0,0.8771,-0.3374,0.0187,1,0.00,0.015,0.006,0.000,,-0.5236,-0.1721,1.7656,0.2145,-0.2733,-0.1200,0.9747,0.1991,0.1256,1,0.00,0.014,0.027,0.001,,0.5236,-0.7809,2.0491,0.2145,0.2733,-0.0200,0.6533,-0.3681,0.0157,1,0.00,0.013,0.025,0.001,,-0.0000,-0.1721,1.7656,-0.0000,-0.3440,-0.1200,0.7777,0.3085,0.0245,1,0.00,0.018,0.014,0.000,,0.0000,-0.1721,1.7656,-0.0000,0.3440,-0.1200,0.3879,-0.1622,0.0149,1,2.32,0.085,0.090,0.547,,-0.0000,-0.1720,1.7659,-0.2983,-0.1895,-0.1200,0.4564,0.2105,0.0197,1,0.00,0.018,0.018,0.000,,0.0000,-0.1721,1.7656,-0.2983,0.1895,-0.1200
0.277,60,placemove,0.7144,-0.0310,0.1394,0.0122,-0.0076,-0.1815,0.0374,0.0148,-0.1042,-0.0595,0.2868,0.0198,0.000,0.000,0.0000,-0.0004,0.0122,-0.0076,-0.1815,0.1035,0,0.8772,-0.3373,0.0179,1,0.00,0.022,0.000,0.000,,-0.5236,-0.1721,1.7656,0.2145,-0.2733,-0.1200,0.9748,0.1993,0.1247,1,0.00,0.014,0.022,0.000,,0.5236,-0.7809,2.0491,0.2145,0.2733,-0.0200,0.6534,-0.3680,0.0153,1,0.00,0.020,0.019,0.000,,-0.0000,-0.1721,1.7656,-0.0000,-0.3440,-0.1200,0.7776,0.3086,0.0239,1,0.00,0.017,0.006,0.000,,0.0000,-0.1721,1.7656,-0.0000,0.3440,-0.1200,0.3880,-0.1622,0.0148,1,2.76,0.070,0.193,0.742,,-0.0000,-0.1720,1.7659,-0.2983,-0.1895,-0.1200,0.4563,0.2105,0.0195,1,0.00,0.017,0.024,0.000,,0.0000,-0.1721,1.7656,-0.2983,0.1895,-0.1200
0.298,64,placemove,0.7153,-0.0302,0.1366,0.0054,-0.0024,-0.1815,0.0612,0.0766,-0.2121,-0.5452,0.4255,-0.0056,0.000,0.000,0.0000,-0.0002,0.0054,-0.0024,-0.1815,0.1034,0,0.8773,-0.3372,0.0159,1,0.00,0.018,0.024,0.001,,-0.5236,-0.1721,1.7656,0.2145,-0.2733,-0.1200,0.9755,0.1999,0.1196,1,0.00,0.010,0.027,0.000,,0.5236,-0.7809,2.0491,0.2145,0.2733,-0.0200,0.6536,-0.3679,0.0148,1,2.23,0.132,0.065,0.492,,-0.0000,-0.1720,1.7659,-0.0000,-0.3440,-0.1200,0.7777,0.3087,0.0194,1,0.00,0.001,0.022,0.000,,-0.0000,-0.1721,1.7656,0.0000,0.3440,-0.1200,0.3880,-0.1622,0.0149,1,1.14,0.066,0.016,0.169,,0.0000,-0.1721,1.7657,-0.2983,-0.1895,-0.1200,0.4564,0.2106,0.0174,1,0.00,0.014,0.005,0.001,,-0.0000,-0.1721,1.7656,-0.2983,0.1895,-0.1200
0.318,68,placemove,0.7159,-0.0293,0.1344,-0.0016,0.0010,-0.1816,-0.0052,-0.0075,0.0121,0.0442,-0.0422,0.0009,0.000,0.000,0.0000,-0.0002,-0.0016,0.0010,-0.1816,0.1033,0,0.8774,-0.3370,0.0147,1,3.41,0.133,0.588,0.067,,-0.5236,-0.1723,1.7657,0.2145,-0.2733,-0.1200,0.9762,0.2008,0.1137,1,0.00,0.006,0.039,0.003,,0.5236,-0.7809,2.0491,0.2145,0.2733,-0.0200,0.6536,-0.3677,0.0149,1,3.01,0.110,0.201,0.352,,-0.0001,-0.1720,1.7660,-0.0000,-0.3439,-0.1200,0.7779,0.3088,0.0140,1,6.78,0.145,0.599,0.602,,-0.0000,-0.1730,1.7667,0.0000,0.3440,-0.1198,0.3881,-0.1620,0.0150,1,0.00,0.005,0.021,0.000,,0.0000,-0.1720,1.7656,-0.2983,-0.1895,-0.1200,0.4566,0.2108,0.0144,1,0.00,0.015,0.021,0.002,,0.0001,-0.1721,1.7658,-0.2983,0.1895,-0.1200
0.340,72,placemove,0.7159,-0.0293,0.1344,-0.0013,0.0009,-0.1816,0.0001,-0.0018,-0.0006,0.0049,0.0002,0.0004,0.000,0.000,0.0000,-0.0001,-0.0013,0.0009,-0.1816,0.1033,0,0.8774,-0.3370,0.0146,1,3.31,0.011,0.484,0.079,,-0.5236,-0.1721,1.7656,0.2145,-0.2733,-0.1200,0.9762,0.2007,0.1139,1,0.00,0.001,0.027,0.003,,0.5236,-0.7809,2.0491,0.2145,0.2733,-0.0200,0.6536,-0.3678,0.0149,1,1.86,0.020,0.100,0.223,,0.0000,-0.1720,1.7658,0.0000,-0.3440,-0.1200,0.7779,0.3088,0.0140,1,4.43,0.044,0.423,0.355,,0.0000,-0.1721,1.7659,-0.0000,0.3440,-0.1200,0.3881,-0.1620,0.0150,1,1.00,0.441,0.066,0.091,,-0.0000,-0.1720,1.7656,-0.2983,-0.1895,-0.1200,0.4566,0.2108,0.0145,1,1.85,0.417,0.027,0.303,,0.0000,-0.1720,1.7657,-0.2983,0.1895,-0.1200
0.361,76,placemove,0.7159,-0.0294,0.1344,-0.0013,0.0009,-0.1816,0.0003,-0.0006,-0.0013,0.0030,0.0019,-0.0001,0.000,0.000,0.0000,-0.0001,-0.0013,0.0009,-0.1816,0.1033,0,0.8774,-0.3370,0.0146,1,3.38,0.027,0.450,0.113,,-0.5236,-0.1721,1.7656,0.2145,-0.2733,-0.1200,0.9762,0.2007,0.1139,1,0.00,0.000,0.028,0.003,,0.5236,-0.7809,2.0491,0.2145,0.2733,-0.0200,0.6536,-0.3678,0.0149,1,2.00,0.028,0.140,0.202,,0.0000,-0.1720,1.7657,0.0000,-0.3440,-0.1200,0.7779,0.3088,0.0140,1,4.18,0.027,0.409,0.313,,0.0000,-0.1720,1.7658,-0.0000,0.3440,-0.1200,0.3881,-0.1620,0.0149,1,0.96,0.508,0.022,0.128,,-0.0000,-0.1720,1.7657,-0.2983,-0.1895,-0.1200,0.4566,0.2107,0.0145,1,2.14,0.477,0.026,0.360,,0.0000,-0.1720,1.7658,-0.2983,0.1895,-0.1200
0.383,80,placemove,0.7159,-0.0294,0.1344,-0.0012,0.0010,-0.1816,0.0003,-0.0004,-0.0012,0.0028,0.0021,-0.0000,0.000,0.000,0.0000,-0.0000,-0.0012,0.0010,-0.1816,0.1033,0,0.8774,-0.3370,0.0145,1,3.42,0.050,0.443,0.122,,-0.5236,-0.1721,1.7657,0.2145,-0.2733,-0.1200,0.9762,0.2007,0.1139,1,0.00,0.000,0.028,0.003,,0.5236,-0.7809,2.0491,0.2145,0.2733,-0.0200,0.6536,-0.3678,0.0148,1,2.04,0.011,0.150,0.200,,0.0000,-0.1720,1.7657,0.0000,-0.3440,-0.1200,0.7779,0.3088,0.0140,1,4.17,0.080,0.414,0.302,,0.0000,-0.1720,1.7658,-0.0000,0.3440,-0.1200,0.3881,-0.1620,0.0149,1,0.93,0.535,0.010,0.135,,-0.0000,-0.1720,1.7657,-0.2983,-0.1895,-0.1200,0.4566,0.2107,0.0145,1,2.10,0.488,0.018,0.363,,0.0000,-0.1720,1.7658,-0.2983,0.1895,-0.1200
0.404,84,placemove,0.7159,-0.0294,0.1344,-0.0012,0.0010,-0.1816,0.0003,-0.0004,-0.0011,0.0026,0.0020,0.0000,0.000,0.000,0.0000,-0.0000,-0.0012,0.0010,-0.1816,0.1033,0,0.8774,-0.3370,0.0145,1,3.44,0.067,0.441,0.124,,-0.5236,-0.1721,1.7657,0.2145,-0.2733,-0.1200,0.9762,0.2007,0.1138,1,0.00,0.000,0.028,0.003,,0.5236,-0.7809,2.0491,0.2145,0.2733,-0.0200,0.6536,-0.3678,0.0148,1,2.06,0.002,0.150,0.203,,0.0000,-0.1720,1.7657,0.0000,-0.3440,-0.1200,0.7779,0.3088,0.0140,1,4.17,0.082,0.419,0.296,,0.0000,-0.1720,1.7658,-0.0000,0.3440,-0.1200,0.3881,-0.1620,0.0149,1,0.90,0.535,0.008,0.133,,-0.0000,-0.1720,1.7657,-0.2983,-0.1895,-0.1200,0.4566,0.2107,0.0145,1,2.09,0.484,0.017,0.361,,0.0000,-0.1720,1.7658,-0.2983,0.1895,-0.1200
0.426,88,placemove,0.7159,-0.0294,0.1344,-0.0012,0.0011,-0.1816,0.0003,-0.0003,-0.0011,0.0023,0.0021,0.0001,0.000,0.000,0.0000,-0.0000,-0.0012,0.0011,-0.1816,0.1033,0,0.8774,-0.3370,0.0145,1,3.48,0.006,0.433,0.138,,-0.5236,-0.1720,1.7657,0.2145,-0.2733,-0.1200,0.9762,0.2007,0.1138,1,0.00,0.000,0.028,0.003,,0.5236,-0.7809,2.0491,0.2145,0.2733,-0.0200,0.6536,-0.3678,0.0148,1,2.06,0.091,0.151,0.201,,0.0000,-0.1720,1.7657,0.0000,-0.3440,-0.1200,0.7779,0.3088,0.0140,1,4.20,0.131,0.421,0.299,,0.0000,-0.1720,1.7658,-0.0000,0.3440,-0.1200,0.3881,-0.1620,0.0149,1,0.89,0.468,0.062,0.216,,-0.0000,-0.1720,1.7658,-0.2983,-0.1895,-0.1200,0.4566,0.2107,0.0145,1,2.04,0.485,0.031,0.333,,0.0000,-0.1720,1.7658,-0.2983,0.1895,-0.1200
0.447,92,placemove,0.7159,-0.0294,0.1343,-0.0011,0.0011,-0.1816,0.0003,-0.0003,-0.0010,0.0015,0.0020,0.0007,0.000,0.000,0.0000,-0.0000,-0.0011,0.0011,-0.1816,0.1033,0,0.8774,-0.3370,0.0144,1,3.51,0.037,0.430,0.146,,-0.5236,-0.1720,1.7657,0.2145,-0.2733,-0.1200,0.9762,0.2007,0.1138,1,0.00,0.000,0.028,0.003,,0.5236,-0.7809,2.0491,0.2145,0.2733,-0.0200,0.6536,-0.3678,0.0147,1,2.06,0.148,0.152,0.201,,-0.0000,-0.1720,1.7657,-0.0000,-0.3440,-0.1200,0.7779,0.3088,0.0140,1,4.22,0.161,0.424,0.300,,0.0000,-0.1720,1.7658,-0.0000,0.3440,-0.1200,0.3881,-0.1620,0.0149,1,0.86,0.420,0.103,0.260,,-0.0000,-0.1720,1.7657,-0.2983,-0.1895,-0.1200,0.4566,0.2107,0.0145,1,2.02,0.481,0.044,0.314,,0.0000,-0.1720,1.7658,-0.2983,0.1895,-0.1200
0.469,96,placemove,0.7159,-0.0294,0.1343,-0.0011,0.0011,-0.1816,0.0003,-0.0003,-0.0009,0.0012,0.0021,0.0012,0.000,0.000,0.0000,-0.0000,-0.0011,0.0011,-0.1816,0.1033,0,0.8774,-0.3371,0.0144,1,3.53,0.045,0.432,0.147,,-0.5236,-0.1720,1.7657,0.2145,-0.2733,-0.1200,0.9762,0.2007,0.1138,1,0.00,0.000,0.028,0.003,,0.5236,-0.7809,2.0491,0.2145,0.2733,-0.0200,0.6536,-0.3678,0.0147,1,2.05,0.154,0.151,0.202,,-0.0000,-0.1720,1.7657,-0.0000,-0.3440,-0.1200,0.7779,0.3088,0.0139,1,4.25,0.160,0.431,0.297,,0.0000,-0.1720,1.7658,-0.0000,0.3440,-0.1200,0.3881,-0.1620,0.0149,1,0.81,0.404,0.099,0.246,,-0.0000,-0.1720,1.7657,-0.2983,-0.1895,-0.1200,0.4566,0.2107,0.0145,1,2.00,0.477,0.048,0.307,,0.0000,-0.1720,1.7658,-0.2983,0.1895,-0.1200
0.490,100,placemove,0.7159,-0.0294,0.1343,-0.0011,0.0012,-0.1816,0.0003,-0.0002,-0.0009,0.0011,0.0021,0.0006,0.000,0.000,0.0000,-0.0000,-0.0011,0.0012,-0.1816,0.1033,0,0.8774,-0.3371,0.0144,1,3.53,0.061,0.429,0.150,,-0.5236,-0.1720,1.7657,0.2145,-0.2733,-0.1200,0.9762,0.2007,0.1138,1,0.00,0.000,0.028,0.003,,0.5236,-0.7809,2.0491,0.2145,0.2733,-0.0200,0.6536,-0.3678,0.0147,1,2.02,0.159,0.142,0.204,,-0.0000,-0.1720,1.7657,-0.0000,-0.3440,-0.1200,0.7779,0.3088,0.0139,1,4.34,0.120,0.448,0.291,,0.0000,-0.1720,1.7657,-0.0000,0.3440,-0.1200,0.3881,-0.1620,0.0149,1,0.74,0.338,0.061,0.190,,-0.0000,-0.1720,1.7656,-0.2983,-0.1895,-0.1200,0.4566,0.2107,0.0145,1,2.04,0.463,0.058,0.302,,0.0000,-0.1720,1.7658,-0.2983,0.1895,-0.1200
0.512,104,placemove,0.7159,-0.0294,0.1343,-0.0010,0.0012,-0.1816,0.0002,-0.0002,-0.0008,0.0012,0.0018,0.0000,0.000,0.000,0.0000,-0.0000,-0.0010,0.0012,-0.1816,0.1044,0,0.8774,-0.3371,0.0143,1,3.44,0.057,0.394,0.177,,-0.5236,-0.1720,1.7657,0.2145,-0.2733,-0.1200,0.9795,0.2045,0.1085,1,0.00,0.000,0.074,0.100,,0.5236,-0.7309,1.9991,0.2175,0.2785,-0.0264,0.6536,-0.3678,0.0147,1,2.00,0.164,0.108,0.242,,-0.0000,-0.1720,1.7657,-0.0000,-0.3440,-0.1200,0.7779,0.3088,0.0140,1,4.29,0.048,0.486,0.236,,-0.0000,-0.1720,1.7657,0.0000,0.3440,-0.1200,0.3881,-0.1620,0.0149,1,0.79,0.122,0.065,0.041,,-0.0000,-0.1720,1.7656,-0.2983,-0.1895,-0.1200,0.4566,0.2107,0.0145,1,2.10,0.343,0.088,0.278,,0.0000,-0.1720,1.7658,-0.2983,0.1895,-0.1200
0.533,108,placemove,0.7159,-0.0294,0.1343,-0.0010,0.0012,-0.1816,0.0002,-0.0002,-0.0008,0.0011,0.0019,0.0000,0.000,0.000,0.0000,-0.0000,-0.0010,0.0012,-0.1816,0.1059,0,0.8774,-0.3371,0.0143,1,3.49,0.038,0.403,0.178,,-0.5236,-0.1720,1.7657,0.2145,-0.2733,-0.1200,0.9844,0.2102,0.0996,1,0.00,0.000,0.073,0.100,,0.5236,-0.6642,1.9324,0.2212,0.2850,-0.0353,0.6536,-0.3678,0.0147,1,2.01,0.150,0.106,0.247,,-0.0000,-0.1720,1.7657,-0.0000,-0.3440,-0.1200,0.7779,0.3088,0.0139,1,4.30,0.080,0.483,0.241,,-0.0000,-0.1720,1.7657,0.0000,0.3440,-0.1200,0.3881,-0.1620,0.0149,1,0.76,0.123,0.053,0.047,,-0.0000,-0.1720,1.7657,-0.2983,-0.1895,-0.1200,0.4566,0.2107,0.0145,1,2.06,0.335,0.079,0.280,,0.0000,-0.1720,1.7658,-0.2983,0.1895,-0.1200
0.554,112,placemove,0.7150,-0.0308,0.1376,0.0087,-0.0046,-0.1822,-0.0963,-0.1274,0.2992,0.7837,-0.6239,-0.0435,0.000,0.000,0.0000,-0.0000,0.0087,-0.0046,-0.1822,0.1072,0,0.8772,-0.3374,0.0158,1,0.00,0.032,0.029,0.001,,-0.5236,-0.1721,1.7656,0.2145,-0.2733,-0.1200,0.9854,0.2109,0.0985,1,20.60,0.721,0.335,2.940,,0.5236,-0.6193,1.9096,0.2220,0.2863,-0.0426,0.6535,-0.3680,0.0146,1,3.49,1.950,0.013,0.669,,0.0000,-0.1720,1.7659,0.0000,-0.3439,-0.1200,0.7780,0.3086,0.0193,1,0.00,0.014,0.037,0.004,,-0.0000,-0.1721,1.7656,0.0000,0.3440,-0.1200,0.3880,-0.1621,0.0145,1,8.04,1.782,0.209,1.896,,-0.0000,-0.1721,1.7655,-0.2983,-0.1895,-0.1200,0.4567,0.2106,0.0172,1,0.00,0.024,0.048,0.001,,-0.0000,-0.1721,1.7656,-0.2983,0.1895,-0.1200
0.575,116,placemove,0.7135,-0.0328,0.1426,0.0236,-0.0126,-0.1828,-0.0878,-0.1206,0.3025,0.7949,-0.6368,-0.0230,0.000,0.000,0.0000,-0.0000,0.0236,-0.0126,-0.1828,0.1092,0,0.8768,-0.3379,0.0185,1,0.00,0.003,0.033,0.001,,-0.5236,-0.1721,1.7656,0.2145,-0.2733,-0.1200,0.9858,0.2109,0.0987,1,20.26,0.778,0.107,2.940,,0.5236,-0.5524,1.8741,0.2230,0.2880,-0.0535,0.6531,-0.3684,0.0145,1,3.88,2.106,0.060,0.811,,0.0000,-0.1721,1.7657,0.0000,-0.3440,-0.1200,0.7779,0.3080,0.0295,1,0.00,0.001,0.035,0.000,,0.0000,-0.1720,1.7656,-0.0000,0.3440,-0.1200,0.3879,-0.1623,0.0144,1,7.93,2.011,0.701,2.411,,-0.0000,-0.1720,1.7663,-0.2982,-0.1894,-0.1200,0.4566,0.2103,0.0227,1,0.00,0.000,0.034,0.000,,0.0000,-0.1721,1.7656,-0.2983,0.1895,-0.1200
0.596,120,placemove,0.7120,-0.0349,0.1476,0.0387,-0.0205,-0.1834,-0.0888,-0.1244,0.3056,0.8122,-0.6251,-0.0171,0.000,0.000,0.0000,-0.0000,0.0387,-0.0205,-0.1834,0.1111,0,0.8765,-0.3384,0.0212,1,0.00,0.009,0.033,0.001,,-0.5236,-0.1721,1.7656,0.2145,-0.2733,-0.1200,0.9862,0.2109,0.0988,1,20.00,0.754,0.334,2.940,,0.5236,-0.4856,1.8359,0.2238,0.2894,-0.0647,0.6529,-0.3687,0.0145,1,3.98,2.128,0.123,0.874,,0.0000,-0.1721,1.7658,0.0000,-0.3440,-0.1200,0.7777,0.3074,0.0398,1,0.00,0.000,0.035,0.000,,0.0000,-0.1720,1.7656,-0.0000,0.3440,-0.1200,0.3878,-0.1625,0.0143,1,7.98,2.013,0.768,2.436,,-0.0001,-0.1720,1.7666,-0.2982,-0.1894,-0.1200,0.4564,0.2099,0.0283,1,0.00,0.004,0.034,0.000,,0.0000,-0.1721,1.7656,-0.2983,0.1895,-0.1200
0.617,124,placemove,0.7105,-0.0370,0.1527,0.0540,-0.0283,-0.1840,-0.0939,-0.1298,0.3051,0.8168,-0.6290,-0.0151,0.000,0.000,0.0000,-0.0000,0.0540,-0.0283,-0.1840,0.1130,0,0.8763,-0.3388,0.0240,1,0.00,0.001,0.033,0.000,,-0.5236,-0.1721,1.7656,0.2145,-0.2733,-0.1200,0.9865,0.2109,0.0989,1,19.42,0.632,0.520,2.940,,0.5236,-0.4187,1.7946,0.2245,0.2906,-0.0760,0.6527,-0.3690,0.0144,1,4.05,2.100,0.233,0.986,,0.0000,-0.1721,1.7658,0.0000,-0.3440,-0.1200,0.7774,0.3067,0.0502,1,0.00,0.001,0.034,0.000,,0.0000,-0.1720,1.7656,-0.0000,0.3440,-0.1200,0.3876,-0.1627,0.0143,1,7.55,1.874,0.656,2.168,,-0.0001,-0.1720,1.7665,-0.2982,-0.1894,-0.1200,0.4562,0.2095,0.0340,1,0.00,0.000,0.034,0.000,,0.0000,-0.1721,1.7656,-0.2983,0.1895,-0.1200
0.639,128,placemove,0.7090,-0.0389,0.1574,0.0679,-0.0354,-0.1845,-0.0728,-0.0967,0.2331,0.6231,-0.4758,-0.0021,0.000,0.000,0.0000,-0.0000,0.0679,-0.0354,-0.1845,0.1151,0,0.8761,-0.3391,0.0265,1,0.00,0.020,0.022,0.000,,-0.5236,-0.1721,1.7656,0.2145,-0.2733,-0.1200,0.9856,0.2097,0.0978,1,0.00,0.003,0.142,0.003,,0.5236,-0.3520,1.7678,0.2237,0.2893,-0.0879,0.6525,-0.3692,0.0144,1,2.02,0.092,0.059,0.421,,-0.0000,-0.1720,1.7658,-0.0000,-0.3440,-0.1200,0.7769,0.3059,0.0601,1,0.00,0.009,0.021,0.000,,-0.0000,-0.1721,1.7656,0.0000,0.3440,-0.1200,0.3874,-0.1629,0.0143,1,1.34,0.075,0.138,0.381,,0.0000,-0.1720,1.7658,-0.2983,-0.1895,-0.1200,0.4559,0.2090,0.0395,1,0.00,0.022,0.006,0.000,,-0.0000,-0.1721,1.7656,-0.2983,0.1895,-0.1200
0.660,132,placemove,0.7081,-0.0401,0.1602,0.0763,-0.0396,-0.1848,-0.0385,-0.0490,0.1153,0.3057,-0.2349,0.0023,0.000,0.000,0.0000,-0.0000,0.0763,-0.0396,-0.1848,0.1172,0,0.8759,-0.3394,0.0282,1,0.00,0.023,0.027,0.000,,-0.5236,-0.1720,1.7656,0.2145,-0.2733,-0.1200,0.9820,0.2054,0.0918,1,0.00,0.003,0.127,0.002,,0.5236,-0.2853,1.7658,0.2207,0.2841,-0.1001,0.6525,-0.3693,0.0144,1,2.48,0.052,0.043,0.477,,-0.0000,-0.1720,1.7658,-0.0000,-0.3440,-0.1200,0.7765,0.3054,0.0663,1,0.00,0.011,0.023,0.000,,-0.0000,-0.1721,1.7656,0.0000,0.3440,-0.1200,0.3873,-0.1630,0.0144,1,1.37,0.087,0.094,0.325,,0.0000,-0.1720,1.7657,-0.2983,-0.1895,-0.1200,0.4557,0.2087,0.0429,1,0.00,0.027,0.002,0.000,,-0.0000,-0.1721,1.7656,-0.2983,0.1895,-0.1200
0.682,136,placemove,0.7079,-0.0404,0.1610,0.0788,-0.0408,-0.1849,-0.0001,0.0006,0.0006,-0.0019,0.0042,0.0010,0.000,0.000,0.0000,-0.0000,0.0788,-0.0408,-0.1849,0.1193,0,0.8758,-0.3394,0.0287,1,0.00,0.021,0.023,0.001,,-0.5236,-0.1720,1.7656,0.2145,-0.2733,-0.1200,0.9779,0.2007,0.0817,1,0.00,0.000,0.121,0.002,,0.5236,-0.2187,1.7656,0.2172,0.2780,-0.1120,0.6524,-0.3693,0.0144,1,2.24,0.048,0.053,0.441,,-0.0000,-0.1720,1.7658,-0.0000,-0.3440,-0.1200,0.7764,0.3053,0.0685,1,0.00,0.013,0.017,0.001,,-0.0000,-0.1721,1.7656,0.0000,0.3440,-0.1200,0.3873,-0.1630,0.0144,1,1.95,0.089,0.082,0.415,,0.0000,-0.1720,1.7657,-0.2983,-0.1895,-0.1200,0.4555,0.2086,0.0442,1,0.00,0.027,0.007,0.000,,-0.0000,-0.1721,1.7656,-0.2983,0.1895,-0.1200
0.703,140,placemove,0.7082,-0.0399,0.1599,0.0753,-0.0390,-0.1847,0.0437,0.0546,-0.1230,-0.3356,0.2641,-0.0004,0.000,0.000,0.0000,-0.0000,0.0753,-0.0390,-0.1847,0.1205,0,0.8759,-0.3393,0.0283,1,0.00,0.024,0.023,0.000,,-0.5236,-0.1721,1.7656,0.2145,-0.2733,-0.1200,0.9747,0.1972,0.0707,1,0.00,0.005,0.066,0.024,,0.5236,-0.1757,1.7656,0.2147,0.2737,-0.1194,0.6525,-0.3693,0.0145,1,1.79,0.020,0.046,0.351,,-0.0000,-0.1720,1.7658,-0.0000,-0.3440,-0.1200,0.7764,0.3054,0.0667,1,0.00,0.018,0.024,0.000,,-0.0000,-0.1721,1.7656,0.0000,0.3440,-0.1200,0.3873,-0.1630,0.0144,1,1.93,0.078,0.256,0.610,,0.0000,-0.1720,1.7659,-0.2983,-0.1895,-0.1200,0.4556,0.2087,0.0432,1,0.00,0.029,0.004,0.001,,-0.0000,-0.1721,1.7656,-0.2983,0.1895,-0.1200
0.725,144,placemove,0.7093,-0.0386,0.1567,0.0657,-0.0340,-0.1844,0.0797,0.0997,-0.2381,-0.6398,0.5004,-0.0023,0.000,0.000,0.0000,-0.0000,0.0657,-0.0340,-0.1844,0.1206,0,0.8761,-0.3391,0.0267,1,0.00,0.021,0.023,0.001,,-0.5236,-0.1720,1.7656,0.2145,-0.2733,-0.1200,0.9749,0.1973,0.0634,1,0.00,0.003,0.016,0.002,,0.5236,-0.1723,1.7656,0.2145,0.2733,-0.1200,0.6526,-0.3691,0.0145,1,2.23,0.136,0.127,0.533,,-0.0001,-0.1720,1.7658,-0.0000,-0.3440,-0.1200,0.7769,0.3059,0.0607,1,0.00,0.009,0.018,0.000,,-0.0000,-0.1721,1.7656,0.0000,0.3440,-0.1200,0.3874,-0.1629,0.0145,1,1.73,0.107,0.111,0.419,,0.0000,-0.1720,1.7657,-0.2983,-0.1895,-0.1200,0.4559,0.2090,0.0399,1,0.00,0.023,0.007,0.000,,-0.0000,-0.1721,1.7656,-0.2983,0.1895,-0.1200
0.746,148,placemove,0.7109,-0.0365,0.1517,0.0506,-0.0261,-0.1839,0.1113,0.1434,-0.3525,-0.9367,0.7329,0.0015,0.000,0.000,0.0000,-0.0000,0.0506,-0.0261,-0.1839,0.1205,0,0.8763,-0.3388,0.0241,1,0.00,0.020,0.023,0.000,,-0.5236,-0.1720,1.7656,0.2145,-0.2733,-0.1200,0.9754,0.1980,0.0529,1,0.00,0.001,0.022,0.000,,0.5236,-0.1721,1.7656,0.2145,0.2733,-0.1200,0.6527,-0.3690,0.0145,1,2.02,0.175,0.097,0.467,,-0.0001,-0.1720,1.7658,-0.0000,-0.3440,-0.1200,0.7774,0.3066,0.0508,1,0.00,0.009,0.019,0.000,,-0.0000,-0.1721,1.7656,0.0000,0.3440,-0.1200,0.3876,-0.1627,0.0145,1,1.71,0.139,0.131,0.444,,0.0000,-0.1720,1.7657,-0.2983,-0.1895,-0.1200,0.4563,0.2095,0.0345,1,0.00,0.022,0.007,0.000,,-0.0000,-0.1721,1.7656,-0.2983,0.1895,-0.1200
0.768,152,placemove,0.7131,-0.0338,0.1447,0.0298,-0.0153,-0.1835,0.1405,0.1806,-0.4714,-1.2377,0.9673,0.0014,0.000,0.000,0.0000,-0.0000,0.0298,-0.0153,-0.1835,0.1204,0,0.8766,-0.3384,0.0205,1,0.00,0.017,0.022,0.000,,-0.5236,-0.1720,1.7656,0.2145,-0.2733,-0.1200,0.9761,0.1988,0.0383,1,0.00,0.001,0.024,0.001,,0.5236,-0.1721,1.7656,0.2145,0.2733,-0.1200,0.6529,-0.3687,0.0145,1,1.81,0.225,0.088,0.425,,-0.0001,-0.1720,1.7658,-0.0000,-0.3440,-0.1200,0.7780,0.3074,0.0370,1,0.00,0.006,0.020,0.001,,-0.0000,-0.1721,1.7656,0.0000,0.3440,-0.1200,0.3878,-0.1624,0.0146,1,1.49,0.193,0.123,0.403,,0.0000,-0.1720,1.7657,-0.2983,-0.1895,-0.1200,0.4567,0.2100,0.0270,1,0.00,0.018,0.006,0.000,,-0.0000,-0.1721,1.7656,-0.2983,0.1895,-0.1200
0.789,156,placemove,0.7157,-0.0304,0.1357,0.0034,-0.0016,-0.1832,0.1644,0.2123,-0.5955,-1.5446,1.2040,0.0034,0.000,0.000,0.0000,-0.0000,0.0034,-0.0016,-0.1832,0.1200,0,0.8770,-0.3380,0.0158,1,0.00,0.014,0.022,0.000,,-0.5236,-0.1720,1.7656,0.2145,-0.2733,-0.1200,0.9766,0.1995,0.0196,1,0.00,0.001,0.026,0.003,,0.5236,-0.1721,1.7656,0.2145,0.2733,-0.1200,0.6532,-0.3683,0.0145,1,1.60,0.251,0.073,0.374,,-0.0001,-0.1720,1.7658,-0.0000,-0.3440,-0.1200,0.7785,0.3081,0.0194,1,0.00,0.002,0.023,0.002,,-0.0000,-0.1721,1.7656,0.0000,0.3440,-0.1200,0.3880,-0.1621,0.0146,1,1.20,0.228,0.087,0.310,,0.0000,-0.1720,1.7657,-0.2983,-0.1895,-0.1200,0.4571,0.2106,0.0172,1,0.00,0.012,0.005,0.000,,-0.0000,-0.1721,1.7656,-0.2983,0.1895,-0.1200
0.813,160,placemove,0.7161,-0.0299,0.1342,-0.0010,0.0008,-0.1832,-0.0103,-0.0126,0.0376,0.0902,-0.0738,0.0001,0.000,0.000,0.0000,-0.0000,-0.0010,0.0008,-0.1832,0.1198,0,0.8771,-0.3378,0.0143,1,0.00,0.021,0.028,0.003,,-0.5236,-0.1724,1.7659,0.2145,-0.2733,-0.1199,0.9767,0.1996,0.0140,1,0.00,0.001,0.007,0.016,,0.5236,-0.1740,1.7672,0.2145,0.2733,-0.1197,0.6533,-0.3682,0.0145,1,1.44,0.072,0.148,0.438,,-0.0001,-0.1721,1.7658,-0.0000,-0.3440,-0.1200,0.7786,0.3082,0.0141,1,0.00,0.012,0.008,0.015,,-0.0000,-0.1738,1.7671,0.0000,0.3440,-0.1197,0.3881,-0.1620,0.0146,1,1.33,0.035,0.148,0.418,,0.0000,-0.1720,1.7658,-0.2983,-0.1895,-0.1200,0.4572,0.2107,0.0143,1,0.00,0.025,0.020,0.007,,-0.0000,-0.1729,1.7663,-0.2983,0.1895,-0.1199
0.836,164,placemove,0.7160,-0.0300,0.1343,-0.0006,0.0006,-0.1832,-0.0004,-0.0007,0.0029,0.0046,-0.0033,0.0000,0.000,0.000,0.0000,-0.0000,-0.0006,0.0006,-0.1832,0.1200,0,0.8771,-0.3378,0.0144,1,1.40,0.012,0.186,0.027,,-0.5236,-0.1721,1.7656,0.2145,-0.2733,-0.1200,0.9767,0.1996,0.0141,1,2.80,0.072,0.418,0.019,,0.5236,-0.1722,1.7657,0.2145,0.2733,-0.1200,0.6533,-0.3682,0.0145,1,2.93,0.621,0.236,0.267,,-0.0001,-0.1720,1.7658,-0.0000,-0.3440,-0.1200,0.7786,0.3082,0.0142,1,2.34,0.008,0.337,0.035,,-0.0000,-0.1722,1.7657,0.0000,0.3440,-0.1200,0.3881,-0.1620,0.0146,1,1.62,0.587,0.079,0.197,,0.0000,-0.1720,1.7657,-0.2983,-0.1895,-0.1200,0.4572,0.2107,0.0144,1,1.14,0.031,0.117,0.055,,-0.0000,-0.1721,1.7657,-0.2983,0.1895,-0.1200
0.860,168,placemove,0.7160,-0.0300,0.1344,-0.0006,0.0006,-0.1832,-0.0001,-0.0001,0.0011,0.0004,-0.0004,0.0000,0.000,0.000,0.0000,-0.0000,-0.0006,0.0006,-0.1832,0.1200,0,0.8771,-0.3378,0.0144,1,1.52,0.061,0.196,0.032,,-0.5236,-0.1720,1.7656,0.2145,-0.2733,-0.1200,0.9767,0.1996,0.0141,1,2.62,0.063,0.389,0.022,,0.5236,-0.1721,1.7656,0.2145,0.2733,-0.1200,0.6533,-0.3682,0.0146,1,2.88,0.625,0.232,0.269,,-0.0001,-0.1720,1.7658,-0.0000,-0.3440,-0.1200,0.7786,0.3082,0.0142,1,2.30,0.036,0.335,0.026,,-0.0000,-0.1721,1.7656,0.0000,0.3440,-0.1200,0.3881,-0.1620,0.0146,1,1.92,0.620,0.113,0.213,,0.0001,-0.1720,1.7657,-0.2983,-0.1895,-0.1200,0.4572,0.2107,0.0144,1,1.39,0.041,0.152,0.055,,-0.0000,-0.1721,1.7656,-0.2983,0.1895,-0.1200
0.883,172,placemove,0.7160,-0.0300,0.1344,-0.0006,0.0006,-0.1832,-0.0000,-0.0000,0.0010,0.0002,-0.0004,0.0001,0.000,0.000,0.0000,-0.0000,-0.0006,0.0006,-0.1832,0.1200,0,0.8771,-0.3378,0.0144,1,1.52,0.076,0.191,0.036,,-0.5236,-0.1720,1.7656,0.2145,-0.2733,-0.1200,0.9767,0.1996,0.0141,1,2.57,0.058,0.385,0.018,,0.5236,-0.1721,1.7656,0.2145,0.2733,-0.1200,0.6533,-0.3682,0.0146,1,2.85,0.617,0.226,0.271,,-0.0001,-0.1720,1.7658,-0.0000,-0.3440,-0.1200,0.7786,0.3082,0.0142,1,2.28,0.049,0.335,0.024,,-0.0000,-0.1721,1.7656,0.0000,0.3440,-0.1200,0.3881,-0.1620,0.0147,1,2.02,0.617,0.124,0.220,,0.0001,-0.1720,1.7657,-0.2983,-0.1895,-0.1200,0.4572,0.2107,0.0144,1,1.41,0.049,0.154,0.057,,-0.0000,-0.1721,1.7656,-0.2983,0.1895,-0.1200
0.908,176,placemove,0.7160,-0.0300,0.1344,-0.0006,0.0006,-0.1832,-0.0000,-0.0000,0.0009,0.0001,-0.0003,-0.0000,0.000,0.000,0.0000,-0.0000,-0.0006,0.0006,-0.1832,0.1200,0,0.8771,-0.3378,0.0144,1,1.51,0.073,0.190,0.037,,-0.5236,-0.1720,1.7656,0.2145,-0.2733,-0.1200,0.9767,0.1996,0.0141,1,2.56,0.051,0.384,0.018,,0.5236,-0.1721,1.7656,0.2145,0.2733,-0.1200,0.6533,-0.3682,0.0146,1,2.83,0.618,0.223,0.271,,-0.0001,-0.1720,1.7658,-0.0000,-0.3440,-0.1200,0.7786,0.3082,0.0142,1,2.27,0.047,0.335,0.024,,-0.0000,-0.1721,1.7656,0.0000,0.3440,-0.1200,0.3881,-0.1620,0.0147,1,2.06,0.615,0.131,0.221,,0.0001,-0.1720,1.7657,-0.2983,-0.1895,-0.1200,0.4572,0.2107,0.0145,1,1.41,0.050,0.155,0.056,,-0.0000,-0.1721,1.7656,-0.2983,0.1895,-0.1200
0.932,180,placemove,0.7160,-0.0300,0.1344,-0.0006,0.0006,-0.1832,-0.0000,-0.0000,0.0008,0.0001,-0.0003,-0.0000,0.000,0.000,0.0000,-0.0000,-0.0006,0.0006,-0.1832,0.1200,0,0.8771,-0.3378,0.0144,1,1.50,0.071,0.189,0.036,,-0.5236,-0.1720,1.7656,0.2145,-0.2733,-0.1200,0.9767,0.1996,0.0141,1,2.56,0.047,0.383,0.018,,0.5236,-0.1721,1.7656,0.2145,0.2733,-0.1200,0.6533,-0.3682,0.0146,1,2.83,0.619,0.222,0.271,,-0.0001,-0.1720,1.7658,-0.0000,-0.3440,-0.1200,0.7786,0.3082,0.0142,1,2.27,0.046,0.334,0.024,,-0.0000,-0.1721,1.7656,0.0000,0.3440,-0.1200,0.3881,-0.1620,0.0147,1,2.08,0.613,0.134,0.222,,0.0001,-0.1720,1.7657,-0.2983,-0.1895,-0.1200,0.4572,0.2107,0.0145,1,1.41,0.051,0.155,0.056,,-0.0000,-0.1721,1.7656,-0.2983,0.1895,-0.1200
0.956,184,placemove,0.7160,-0.0300,0.1344,-0.0006,0.0006,-0.1832,-0.0000,-0.0000,0.0007,0.0001,-0.0003,-0.0000,0.000,0.000,0.0000,-0.0000,-0.0006,0.0006,-0.1832,0.1200,0,0.8771,-0.3378,0.0145,1,1.50,0.075,0.188,0.037,,-0.5236,-0.1720,1.7656,0.2145,-0.2733,-0.1200,0.9767,0.1996,0.0142,1,2.55,0.046,0.382,0.017,,0.5236,-0.1721,1.7656,0.2145,0.2733,-0.1200,0.6533,-0.3682,0.0146,1,2.82,0.617,0.221,0.271,,-0.0001,-0.1720,1.7658,-0.0000,-0.3440,-0.1200,0.7786,0.3082,0.0142,1,2.27,0.046,0.335,0.023,,-0.0000,-0.1721,1.7656,0.0000,0.3440,-0.1200,0.3881,-0.1620,0.0147,1,2.09,0.613,0.136,0.223,,0.0001,-0.1720,1.7657,-0.2983,-0.1895,-0.1200,0.4572,0.2107,0.0145,1,1.41,0.052,0.155,0.056,,-0.0000,-0.1721,1.7656,-0.2983,0.1895,-0.1200
0.979,188,placemove,0.7160,-0.0300,0.1344,-0.0006,0.0006,-0.1832,-0.0000,-0.0000,0.0007,0.0001,-0.0003,-0.0000,0.000,0.000,0.0000,-0.0000,-0.0006,0.0006,-0.1832,0.1200,0,0.8771,-0.3378,0.0145,1,1.50,0.073,0.188,0.036,,-0.5236,-0.1720,1.7656,0.2145,-0.2733,-0.1200,0.9767,0.1996,0.0142,1,2.55,0.044,0.382,0.017,,0.5236,-0.1721,1.7656,0.2145,0.2733,-0.1200,0.6533,-0.3682,0.0146,1,2.82,0.618,0.221,0.272,,-0.0001,-0.1720,1.7658,-0.0000,-0.3440,-0.1200,0.7786,0.3082,0.0142,1,2.27,0.045,0.334,0.024,,-0.0000,-0.1721,1.7656,0.0000,0.3440,-0.1200,0.3881,-0.1620,0.0147,1,2.11,0.612,0.138,0.223,,0.0001,-0.1720,1.7657,-0.2983,-0.1895,-0.1200,0.4572,0.2107,0.0145,1,1.41,0.052,0.156,0.055,,-0.0000,-0.1721,1.7656,-0.2983,0.1895,-0.1200
1.003,192,placemove,0.7160,-0.0300,0.1344,-0.0005,0.0006,-0.1832,-0.0000,-0.0000,0.0006,0.0001,-0.0004,0.0001,0.000,0.000,0.0000,-0.0000,-0.0005,0.0006,-0.1832,0.1200,0,0.8771,-0.3378,0.0145,1,1.50,0.077,0.187,0.037,,-0.5236,-0.1720,1.7656,0.2145,-0.2733,-0.1200,0.9767,0.1996,0.0142,1,2.54,0.044,0.381,0.017,,0.5236,-0.1721,1.7656,0.2145,0.2733,-0.1200,0.6533,-0.3682,0.0146,1,2.82,0.616,0.220,0.272,,-0.0001,-0.1720,1.7658,-0.0000,-0.3440,-0.1200,0.7786,0.3082,0.0143,1,2.26,0.046,0.334,0.023,,-0.0000,-0.1721,1.7656,0.0000,0.3440,-0.1200,0.3881,-0.1620,0.0147,1,2.12,0.611,0.139,0.224,,0.0001,-0.1720,1.7657,-0.2983,-0.1895,-0.1200,0.4572,0.2107,0.0145,1,1.41,0.054,0.156,0.056,,-0.0000,-0.1721,1.7656,-0.2983,0.1895,-0.1200
1.026,196,placemove,0.7160,-0.0300,0.1345,-0.0005,0.0005,-0.1832,-0.0000,-0.0000,0.0006,0.0001,-0.0002,-0.0000,0.000,0.000,0.0000,-0.0000,-0.0005,0.0005,-0.1832,0.1200,0,0.8771,-0.3378,0.0145,1,1.50,0.073,0.188,0.036,,-0.5236,-0.1720,1.7656,0.2145,-0.2733,-0.1200,0.9767,0.1996,0.0142,1,2.54,0.043,0.381,0.017,,0.5236,-0.1721,1.7656,0.2145,0.2733,-0.1200,0.6533,-0.3682,0.0146,1,2.82,0.618,0.220,0.272,,-0.0001,-0.1720,1.7658,-0.0000,-0.3440,-0.1200,0.7786,0.3082,0.0143,1,2.26,0.043,0.334,0.023,,-0.0000,-0.1721,1.7656,0.0000,0.3440,-0.1200,0.3881,-0.1620,0.0147,1,2.12,0.610,0.140,0.224,,0.0001,-0.1720,1.7657,-0.2983,-0.1895,-0.1200,0.4572,0.2107,0.0145,1,1.41,0.054,0.156,0.055,,-0.0000,-0.1721,1.7656,-0.2983,0.1895,-0.1200
1.049,200,placemove,0.7160,-0.0300,0.1345,-0.0005,0.0005,-0.1832,-0.0000,-0.0000,0.0005,0.0001,-0.0002,-0.0000,0.000,0.000,0.0000,-0.0000,-0.0005,0.0005,-0.1832,0.1200,0,0.8771,-0.3378,0.0145,1,1.50,0.075,0.188,0.036,,-0.5236,-0.1720,1.7656,0.2145,-0.2733,-0.1200,0.9767,0.1996,0.0142,1,2.54,0.042,0.381,0.017,,0.5236,-0.1721,1.7656,0.2145,0.2733,-0.1200,0.6533,-0.3682,0.0147,1,2.82,0.617,0.220,0.273,,-0.0001,-0.1720,1.7658,-0.0000,-0.3440,-0.1200,0.7786,0.3082,0.0143,1,2.26,0.043,0.335,0.023,,-0.0000,-0.1721,1.7656,0.0000,0.3440,-0.1200,0.3881,-0.1620,0.0147,1,2.13,0.608,0.140,0.224,,0.0001,-0.1720,1.7657,-0.2983,-0.1895,-0.1200,0.4572,0.2107,0.0145,1,1.41,0.055,0.156,0.055,,-0.0000,-0.1721,1.7656,-0.2983,0.1895,-0.1200
1.072,204,placemove,0.7160,-0.0300,0.1345,-0.0005,0.0005,-0.1832,-0.0000,-0.0000,0.0005,0.0001,-0.0002,-0.0000,0.000,0.000,0.0000,-0.0000,-0.0005,0.0005,-0.1832,0.1200,0,0.8771,-0.3378,0.0145,1,1.50,0.076,0.188,0.036,,-0.5236,-0.1720,1.7656,0.2145,-0.2733,-0.1200,0.9767,0.1996,0.0142,1,2.53,0.041,0.380,0.017,,0.5236,-0.1721,1.7656,0.2145,0.2733,-0.1200,0.6533,-0.3682,0.0147,1,2.82,0.617,0.221,0.273,,-0.0001,-0.1720,1.7658,-0.0000,-0.3440,-0.1200,0.7786,0.3082,0.0143,1,2.26,0.042,0.335,0.023,,-0.0000,-0.1721,1.7656,0.0000,0.3440,-0.1200,0.3881,-0.1620,0.0147,1,2.13,0.607,0.140,0.224,,0.0001,-0.1720,1.7657,-0.2983,-0.1895,-0.1200,0.4572,0.2107,0.0145,1,1.41,0.055,0.156,0.054,,-0.0000,-0.1721,1.7656,-0.2983,0.1895,-0.1200
1.096,208,placemove,0.7160,-0.0300,0.1345,-0.0005,0.0005,-0.1832,-0.0000,-0.0000,0.0004,0.0001,-0.0002,0.0000,0.000,0.000,0.0000,-0.0000,-0.0005,0.0005,-0.1832,0.1200,0,0.8771,-0.3378,0.0145,1,1.50,0.080,0.187,0.037,,-0.5236,-0.1720,1.7656,0.2145,-0.2733,-0.1200,0.9767,0.1996,0.0142,1,2.53,0.040,0.380,0.017,,0.5236,-0.1721,1.7656,0.2145,0.2733,-0.1200,0.6533,-0.3682,0.0147,1,2.83,0.615,0.221,0.273,,-0.0001,-0.1720,1.7658,-0.0000,-0.3440,-0.1200,0.7786,0.3082,0.0143,1,2.26,0.043,0.335,0.022,,-0.0000,-0.1721,1.7656,0.0000,0.3440,-0.1200,0.3881,-0.1620,0.0147,1,2.13,0.606,0.140,0.225,,0.0001,-0.1720,1.7657,-0.2983,-0.1895,-0.1200,0.4572,0.2107,0.0145,1,1.41,0.057,0.156,0.054,,-0.0000,-0.1721,1.7656,-0.2983,0.1895,-0.1200
1.120,212,placemove,0.7160,-0.0300,0.1345,-0.0005,0.0005,-0.1832,-0.0000,-0.0000,0.0004,0.0001,-0.0002,-0.0000,0.000,0.000,0.0000,-0.0000,-0.0005,0.0005,-0.1832,0.1200,0,0.8771,-0.3378,0.0145,1,1.50,0.077,0.187,0.036,,-0.5236,-0.1720,1.7656,0.2145,-0.2733,-0.1200,0.9767,0.1996,0.0142,1,2.53,0.039,0.380,0.017,,0.5236,-0.1721,1.7656,0.2145,0.2733,-0.1200,0.6533,-0.3682,0.0147,1,2.83,0.616,0.221,0.274,,-0.0001,-0.1720,1.7658,-0.0000,-0.3440,-0.1200,0.7786,0.3082,0.0143,1,2.25,0.041,0.335,0.022,,-0.0000,-0.1721,1.7656,0.0000,0.3440,-0.1200,0.3881,-0.1620,0.0147,1,2.13,0.604,0.141,0.225,,0.0001,-0.1720,1.7657,-0.2983,-0.1895,-0.1200,0.4572,0.2107,0.0145,1,1.41,0.057,0.156,0.054,,-0.0000,-0.1721,1.7656,-0.2983,0.1895,-0.1200
1.143,216,placemove,0.7160,-0.0300,0.1345,-0.0005,0.0005,-0.1832,-0.0000,-0.0000,0.0004,0.0001,-0.0002,0.0001,0.000,0.000,0.0000,-0.0000,-0.0005,0.0005,-0.1832,0.1200,0,0.8771,-0.3378,0.0145,1,1.50,0.081,0.186,0.037,,-0.5236,-0.1720,1.7656,0.2145,-0.2733,-0.1200,0.9767,0.1996,0.0142,1,2.53,0.039,0.380,0.017,,0.5236,-0.1721,1.7656,0.2145,0.2733,-0.1200,0.6533,-0.3682,0.0147,1,2.83,0.615,0.221,0.274,,-0.0001,-0.1720,1.7658,-0.0000,-0.3440,-0.1200,0.7786,0.3082,0.0143,1,2.25,0.041,0.335,0.022,,-0.0000,-0.1721,1.7656,0.0000,0.3440,-0.1200,0.3881,-0.1620,0.0148,1,2.14,0.604,0.140,0.225,,0.0001,-0.1720,1.7657,-0.2983,-0.1895,-0.1200,0.4572,0.2107,0.0146,1,1.41,0.058,0.156,0.054,,-0.0000,-0.1721,1.7656,-0.2983,0.1895,-0.1200
1.167,220,placemove,0.7160,-0.0300,0.1345,-0.0005,0.0005,-0.1832,-0.0000,-0.0000,0.0003,0.0001,-0.0002,-0.0000,0.000,0.000,0.0000,-0.0000,-0.0005,0.0005,-0.1832,0.1200,0,0.8771,-0.3378,0.0145,1,1.50,0.080,0.187,0.037,,-0.5236,-0.1720,1.7656,0.2145,-0.2733,-0.1200,0.9767,0.1996,0.0142,1,2.53,0.038,0.380,0.017,,0.5236,-0.1721,1.7656,0.2145,0.2733,-0.1200,0.6533,-0.3682,0.0147,1,2.83,0.616,0.221,0.274,,-0.0001,-0.1720,1.7658,-0.0000,-0.3440,-0.1200,0.7786,0.3082,0.0143,1,2.25,0.040,0.335,0.022,,-0.0000,-0.1721,1.7656,0.0000,0.3440,-0.1200,0.3881,-0.1620,0.0148,1,2.14,0.603,0.140,0.225,,0.0001,-0.1720,1.7657,-0.2983,-0.1895,-0.1200,0.4572,0.2107,0.0146,1,1.41,0.058,0.156,0.054,,-0.0000,-0.1721,1.7656,-0.2983,0.1895,-0.1200
1.191,224,placemove,0.7160,-0.0300,0.1345,-0.0005,0.0005,-0.1832,-0.0000,-0.0000,0.0003,0.0001,-0.0001,-0.0000,0.000,0.000,0.0000,-0.0000,-0.0005,0.0005,-0.1832,0.1200,0,0.8771,-0.3378,0.0145,1,1.49,0.078,0.187,0.036,,-0.5236,-0.1720,1.7656,0.2145,-0.2733,-0.1200,0.9767,0.1996,0.0142,1,2.53,0.037,0.379,0.017,,0.5236,-0.1721,1.7656,0.2145,0.2733,-0.1200,0.6533,-0.3682,0.0147,1,2.84,0.616,0.222,0.274,,-0.0001,-0.1720,1.7658,-0.0000,-0.3440,-0.1200,0.7786,0.3082,0.0143,1,2.25,0.039,0.335,0.022,,-0.0000,-0.1721,1.7656,0.0000,0.3440,-0.1200,0.3881,-0.1620,0.0148,1,2.14,0.602,0.141,0.225,,0.0001,-0.1720,1.7657,-0.2983,-0.1895,-0.1200,0.4572,0.2107,0.0146,1,1.41,0.058,0.156,0.053,,-0.0000,-0.1721,1.7656,-0.2983,0.1895,-0.1200
1.214,228,placemove,0.7160,-0.0300,0.1345,-0.0005,0.0005,-0.1832,-0.0000,-0.0000,0.0003,0.0001,-0.0002,0.0001,0.000,0.000,0.0000,-0.0000,-0.0005,0.0005,-0.1832,0.1200,0,0.8771,-0.3378,0.0145,1,1.49,0.082,0.186,0.037,,-0.5236,-0.1720,1.7656,0.2145,-0.2733,-0.1200,0.9767,0.1996,0.0143,1,2.53,0.037,0.380,0.017,,0.5236,-0.1721,1.7656,0.2145,0.2733,-0.1200,0.6533,-0.3682,0.0147,1,2.84,0.615,0.222,0.274,,-0.0001,-0.1720,1.7658,-0.0000,-0.3440,-0.1200,0.7786,0.3082,0.0143,1,2.25,0.039,0.336,0.022,,-0.0000,-0.1721,1.7656,0.0000,0.3440,-0.1200,0.3881,-0.1620,0.0148,1,2.14,0.602,0.141,0.226,,0.0001,-0.1720,1.7657,-0.2983,-0.1895,-0.1200,0.4572,0.2107,0.0146,1,1.41,0.059,0.156,0.053,,-0.0000,-0.1721,1.7656,-0.2983,0.1895,-0.1200
1.238,232,placemove,0.7160,-0.0300,0.1345,-0.0005,0.0005,-0.1832,-0.0000,-0.0000,0.0003,0.0001,-0.0001,-0.0000,0.000,0.000,0.0000,-0.0000,-0.0005,0.0005,-0.1832,0.1200,0,0.8771,-0.3378,0.0145,1,1.49,0.081,0.186,0.037,,-0.5236,-0.1720,1.7656,0.2145,-0.2733,-0.1200,0.9767,0.1996,0.0143,1,2.52,0.036,0.379,0.017,,0.5236,-0.1721,1.7656,0.2145,0.2733,-0.1200,0.6533,-0.3682,0.0147,1,2.84,0.616,0.222,0.275,,-0.0001,-0.1720,1.7658,-0.0000,-0.3440,-0.1200,0.7786,0.3082,0.0143,1,2.25,0.038,0.336,0.022,,-0.0000,-0.1721,1.7656,0.0000,0.3440,-0.1200,0.3881,-0.1620,0.0148,1,2.14,0.601,0.141,0.226,,0.0001,-0.1720,1.7657,-0.2983,-0.1895,-0.1200,0.4572,0.2107,0.0146,1,1.41,0.059,0.156,0.053,,-0.0000,-0.1721,1.7656,-0.2983,0.1895,-0.1200
1.261,236,placemove,0.7160,-0.0300,0.1345,-0.0005,0.0005,-0.1832,-0.0000,-0.0000,0.0002,0.0001,-0.0001,-0.0000,0.000,0.000,0.0000,-0.0000,-0.0005,0.0005,-0.1832,0.1200,0,0.8771,-0.3378,0.0146,1,1.49,0.079,0.187,0.036,,-0.5236,-0.1720,1.7656,0.2145,-0.2733,-0.1200,0.9767,0.1996,0.0143,1,2.52,0.035,0.379,0.017,,0.5236,-0.1721,1.7656,0.2145,0.2733,-0.1200,0.6533,-0.3682,0.0147,1,2.84,0.617,0.222,0.275,,-0.0001,-0.1720,1.7658,-0.0000,-0.3440,-0.1200,0.7786,0.3082,0.0143,1,2.25,0.037,0.336,0.022,,-0.0000,-0.1721,1.7656,0.0000,0.3440,-0.1200,0.3881,-0.1620,0.0148,1,2.14,0.601,0.141,0.226,,0.0001,-0.1720,1.7657,-0.2983,-0.1895,-0.1200,0.4572,0.2107,0.0146,1,1.40,0.059,0.156,0.053,,-0.0000,-0.1721,1.7656,-0.2983,0.1895,-0.1200
1.284,240,placemove,0.7160,-0.0300,0.1345,-0.0005,0.0005,-0.1832,-0.0000,-0.0000,0.0002,0.0001,-0.0002,0.0001,0.000,0.000,0.0000,-0.0000,-0.0005,0.0005,-0.1832,0.1200,0,0.8771,-0.3378,0.0146,1,1.49,0.082,0.186,0.037,,-0.5236,-0.1720,1.7656,0.2145,-0.2733,-0.1200,0.9767,0.1996,0.0143,1,2.52,0.035,0.379,0.016,,0.5236,-0.1721,1.7656,0.2145,0.2733,-0.1200,0.6533,-0.3682,0.0147,1,2.84,0.615,0.222,0.275,,-0.0001,-0.1720,1.7658,-0.0000,-0.3440,-0.1200,0.7786,0.3082,0.0143,1,2.25,0.038,0.336,0.021,,-0.0000,-0.1721,1.7656,0.0000,0.3440,-0.1200,0.3881,-0.1620,0.0148,1,2.14,0.601,0.141,0.226,,0.0000,-0.1720,1.7657,-0.2983,-0.1895,-0.1200,0.4572,0.2107,0.0146,1,1.40,0.060,0.156,0.053,,-0.0000,-0.1721,1.7656,-0.2983,0.1895,-0.1200
1.383,244,placemove,0.7161,-0.0300,0.1346,-0.0005,0.0006,-0.1646,0.0038,0.0020,0.0057,0.0015,0.0006,1.1249,1.000,0.000,0.0000,-0.0000,-0.0005,0.0006,-0.1646,0.1193,0,0.8821,-0.3352,0.0181,1,0.00,0.496,0.262,0.023,SWING,-0.5236,-0.1974,1.7854,0.2145,-0.2733,-0.1157,0.9767,0.1997,0.0143,1,2.42,0.617,1.026,0.785,STANCE,0.4956,-0.1717,1.7707,0.2196,0.2693,-0.1200,0.6533,-0.3682,0.0147,1,2.81,1.483,0.587,0.182,STANCE,-0.0280,-0.1718,1.7652,-0.0064,-0.3439,-0.1200,0.7786,0.3082,0.0143,1,2.57,0.018,0.048,0.547,STANCE,-0.0279,-0.1718,1.7654,0.0064,0.3439,-0.1200,0.3881,-0.1620,0.0148,1,1.54,0.119,0.025,0.248,STANCE,-0.0286,-0.1718,1.7635,-0.3018,-0.1839,-0.1200,0.4572,0.2107,0.0146,1,1.17,0.159,0.344,0.209,STANCE,-0.0287,-0.1718,1.7669,-0.2948,0.1950,-0.1200
1.475,248,placemove,0.7161,-0.0299,0.1346,-0.0004,0.0006,-0.1409,0.0013,0.0020,-0.0014,0.0028,0.0055,1.1871,1.000,0.000,0.0000,-0.0000,-0.0004,0.0006,-0.1409,0.1200,0,0.8890,-0.3305,0.0283,0,0.00,0.528,0.211,0.051,SWING,-0.5236,-0.2609,1.8365,0.2142,-0.2728,-0.1049,0.9768,0.1998,0.0143,1,2.90,0.503,1.449,1.195,STANCE,0.4597,-0.1715,1.7771,0.2259,0.2641,-0.1200,0.6533,-0.3682,0.0147,1,4.82,1.883,0.952,0.207,STANCE,-0.0635,-0.1718,1.7643,-0.0145,-0.3437,-0.1200,0.7787,0.3083,0.0143,1,2.68,0.078,0.256,0.823,STANCE,-0.0635,-0.1717,1.7645,0.0145,0.3437,-0.1201,0.3881,-0.1620,0.0148,1,1.27,0.242,0.144,0.401,STANCE,-0.0650,-0.1718,1.7602,-0.3060,-0.1767,-0.1201,0.4572,0.2107,0.0146,1,0.76,0.228,0.280,0.221,STANCE,-0.0652,-0.1717,1.7683,-0.2901,0.2019,-0.1200
1.498,252,placemove,0.7161,-0.0299,0.1345,-0.0004,0.0007,-0.1170,0.0032,0.0047,-0.0019,0.0031,0.0064,1.1897,1.000,0.000,0.0000,-0.0000,-0.0004,0.0007,-0.1170,0.1200,0,0.8958,-0.3254,0.0394,0,0.00,0.511,0.183,0.031,SWING,-0.5236,-0.3276,1.8861,0.2138,-0.2720,-0.0937,0.9768,0.1998,0.0143,1,2.97,0.279,1.529,1.276,STANCE,0.4232,-0.1714,1.7832,0.2322,0.2586,-0.1200,0.6533,-0.3682,0.0147,1,5.03,2.218,1.101,0.345,STANCE,-0.0995,-0.1719,1.7629,-0.0228,-0.3433,-0.1200,0.7787,0.3083,0.0143,1,1.86,0.919,0.432,0.190,STANCE,-0.0995,-0.1719,1.7626,0.0228,0.3433,-0.1200,0.3881,-0.1619,0.0148,1,1.18,0.562,0.038,0.257,STANCE,-0.1018,-0.1720,1.7561,-0.3102,-0.1693,-0.1200,0.4572,0.2107,0.0146,1,1.32,0.909,0.308,0.132,STANCE,-0.1023,-0.1718,1.7691,-0.2851,0.2088,-0.1200
1.541,256,placemove,0.7161,-0.0299,0.1345,-0.0004,0.0007,-0.0951,0.0013,0.0009,-0.0010,0.0003,0.0016,1.0029,1.000,0.000,0.0000,-0.0000,-0.0004,0.0007,-0.0951,0.1200,0,0.9030,-0.3225,0.0488,0,0.00,0.456,0.086,0.028,SWING,-0.5231,-0.3777,1.9068,0.2146,-0.2732,-0.0853,0.9768,0.1999,0.0142,1,2.54,0.138,1.324,1.118,STANCE,0.3897,-0.1713,1.7883,0.2378,0.2535,-0.1200,0.6533,-0.3682,0.0147,1,3.94,1.907,0.882,0.302,STANCE,-0.1322,-0.1720,1.7611,-0.0303,-0.3427,-0.1200,0.7787,0.3083,0.0143,1,2.76,0.502,0.077,0.439,STANCE,-0.1322,-0.1720,1.7612,0.0303,0.3427,-0.1200,0.3881,-0.1619,0.0148,1,1.28,0.319,0.108,0.362,STANCE,-0.1352,-0.1721,1.7519,-0.3139,-0.1625,-0.1200,0.4572,0.2107,0.0146,1,1.26,0.565,0.189,0.018,STANCE,-0.1361,-0.1719,1.7693,-0.2805,0.2150,-0.1200
1.566,260,placemove,0.7161,-0.0299,0.1345,-0.0004,0.0007,-0.0778,0.0011,0.0005,-0.0010,0.0015,0.0031,0.7746,1.000,0.000,0.0000,-0.0000,-0.0004,0.0007,-0.0778,0.1200,0,0.9114,-0.3199,0.0499,0,0.00,0.564,0.002,0.014,SWING,-0.5098,-0.3821,1.8944,0.2183,-0.2736,-0.0845,0.9768,0.1999,0.0142,1,2.82,0.216,1.468,1.228,STANCE,0.3633,-0.1712,1.7919,0.2421,0.2494,-0.1200,0.6533,-0.3682,0.0147,1,4.84,1.922,0.803,0.021,STANCE,-0.1580,-0.1721,1.7593,-0.0362,-0.3421,-0.1200,0.7787,0.3083,0.0143,1,2.77,0.242,0.183,0.758,STANCE,-0.1579,-0.1721,1.7595,0.0362,0.3421,-0.1200,0.3882,-0.1619,0.0148,1,0.88,0.220,0.151,0.330,STANCE,-0.1614,-0.1722,1.7481,-0.3166,-0.1571,-0.1200,0.4572,0.2107,0.0146,1,1.06,0.586,0.091,0.061,STANCE,-0.1628,-0.1719,1.7690,-0.2767,0.2198,-0.1200
1.602,264,placemove,0.7161,-0.0299,0.1345,-0.0004,0.0008,-0.0646,0.0009,0.0004,-0.0009,0.0013,0.0044,0.5929,1.000,0.000,0.0000,-0.0000,-0.0004,0.0008,-0.0646,0.1200,0,0.9218,-0.3181,0.0500,0,0.00,0.547,0.003,0.015,SWING,-0.4866,-0.3808,1.8674,0.2250,-0.2741,-0.0844,0.9768,0.1998,0.0142,1,2.83,0.220,1.472,1.229,STANCE,0.3429,-0.1711,1.7945,0.2454,0.2461,-0.1200,0.6534,-0.3681,0.0146,1,4.91,1.841,0.624,0.212,STANCE,-0.1777,-0.1722,1.7578,-0.0407,-0.3416,-0.1200,0.7787,0.3083,0.0143,1,2.78,0.046,0.406,1.031,STANCE,-0.1777,-0.1721,1.7581,0.0407,0.3415,-0.1200,0.3882,-0.1619,0.0148,1,0.72,0.112,0.174,0.326,STANCE,-0.1814,-0.1722,1.7448,-0.3187,-0.1529,-0.1200,0.4572,0.2107,0.0146,1,1.10,0.578,0.017,0.160,STANCE,-0.1833,-0.1720,1.7685,-0.2738,0.2234,-0.1200
1.625,268,placemove,0.7161,-0.0299,0.1345,-0.0003,0.0008,-0.0544,0.0036,0.0044,-0.0010,0.0038,0.0019,0.4541,1.000,0.000,0.0000,-0.0000,-0.0003,0.0008,-0.0544,0.1200,0,0.9313,-0.3168,0.0500,0,0.00,0.417,0.010,0.010,SWING,-0.4651,-0.3787,1.8400,0.2314,-0.2746,-0.0844,0.9768,0.1998,0.0142,1,3.02,0.337,1.444,1.152,STANCE,0.3272,-0.1711,1.7964,0.2479,0.2436,-0.1200,0.6534,-0.3681,0.0146,1,4.90,1.752,0.562,0.285,STANCE,-0.1929,-0.1722,1.7565,-0.0442,-0.3411,-0.1200,0.7787,0.3084,0.0143,1,1.60,0.277,0.283,0.057,STANCE,-0.1928,-0.1722,1.7561,0.0442,0.3412,-0.1200,0.3882,-0.1619,0.0148,1,1.40,0.457,0.049,0.191,STANCE,-0.1968,-0.1723,1.7424,-0.3202,-0.1497,-0.1200,0.4572,0.2107,0.0146,1,1.51,0.896,0.069,0.351,STANCE,-0.1990,-0.1720,1.7679,-0.2715,0.2262,-0.1200
1.669,272,placemove,0.7161,-0.0298,0.1345,-0.0003,0.0008,-0.0466,0.0002,0.0007,-0.0004,0.0005,0.0024,0.3488,1.000,0.000,0.0000,-0.0000,-0.0003,0.0008,-0.0466,0.1200,0,0.9380,-0.3156,0.0500,0,0.00,0.264,0.021,0.001,SWING,-0.4518,-0.3771,1.8221,0.2355,-0.2749,-0.0844,0.9768,0.1999,0.0142,1,2.77,0.219,1.439,1.201,STANCE,0.3152,-0.1710,1.7976,0.2498,0.2417,-0.1200,0.6534,-0.3681,0.0146,1,4.89,1.661,0.654,0.172,STANCE,-0.2045,-0.1723,1.7552,-0.0468,-0.3408,-0.1200,0.7787,0.3083,0.0143,1,2.69,0.183,0.017,0.536,STANCE,-0.2044,-0.1722,1.7553,0.0468,0.3408,-0.1200,0.3882,-0.1619,0.0148,1,1.09,0.460,0.016,0.208,STANCE,-0.2085,-0.1723,1.7405,-0.3213,-0.1472,-0.1200,0.4572,0.2108,0.0146,1,1.21,0.476,0.174,0.416,STANCE,-0.2110,-0.1720,1.7674,-0.2697,0.2283,-0.1200
1.693,276,placemove,0.7161,-0.0298,0.1345,-0.0003,0.0008,-0.0407,0.0003,0.0010,-0.0005,0.0015,0.0012,0.2658,1.000,0.000,0.0000,-0.0000,-0.0003,0.0008,-0.0407,0.1200,0,0.9406,-0.3143,0.0498,0,0.00,0.080,0.092,0.013,SWING,-0.4502,-0.3750,1.8191,0.2359,-0.2750,-0.0847,0.9768,0.1999,0.0142,1,2.70,0.076,1.423,1.195,STANCE,0.3059,-0.1710,1.7986,0.2512,0.2402,-0.1200,0.6534,-0.3681,0.0146,1,5.23,1.457,0.568,0.347,STANCE,-0.2133,-0.1723,1.7544,-0.0488,-0.3405,-0.1200,0.7787,0.3083,0.0143,1,2.49,0.258,0.153,0.661,STANCE,-0.2132,-0.1723,1.7545,0.0488,0.3405,-0.1200,0.3882,-0.1619,0.0148,1,1.23,0.390,0.046,0.273,STANCE,-0.2175,-0.1723,1.7387,-0.3222,-0.1452,-0.1200,0.4572,0.2108,0.0146,1,1.07,0.366,0.217,0.439,STANCE,-0.2202,-0.1721,1.7670,-0.2684,0.2299,-0.1200
1.735,280,placemove,0.7162,-0.0298,0.1345,-0.0003,0.0008,-0.0361,-0.0000,-0.0004,-0.0002,0.0006,0.0007,0.2048,1.000,0.000,0.0000,-0.0000,-0.0003,0.0008,-0.0361,0.1200,0,0.9409,-0.3135,0.0426,0,0.00,0.037,0.122,0.048,SWING,-0.4544,-0.3258,1.7923,0.2349,-0.2752,-0.0932,0.9768,0.1999,0.0142,1,2.62,0.050,1.379,1.159,STANCE,0.2989,-0.1710,1.7992,0.2523,0.2390,-0.1200,0.6534,-0.3681,0.0146,1,4.71,1.231,0.628,0.167,STANCE,-0.2201,-0.1723,1.7535,-0.0504,-0.3403,-0.1200,0.7787,0.3083,0.0143,1,2.54,0.551,0.311,0.863,STANCE,-0.2200,-0.1723,1.7539,0.0504,0.3402,-0.1200,0.3882,-0.1619,0.0148,1,1.48,0.273,0.114,0.408,STANCE,-0.2244,-0.1723,1.7375,-0.3229,-0.1438,-0.1200,0.4572,0.2108,0.0146,1,1.18,0.077,0.110,0.334,STANCE,-0.2272,-0.1721,1.7666,-0.2673,0.2311,-0.1200
1.759,284,placemove,0.7162,-0.0298,0.1345,-0.0003,0.0008,-0.0326,0.0006,0.0001,-0.0002,0.0007,0.0013,0.1578,1.000,0.000,0.0000,-0.0000,-0.0003,0.0008,-0.0326,0.1200,0,0.9424,-0.3151,0.0314,0,0.00,0.028,0.069,0.099,SWING,-0.4580,-0.2592,1.7295,0.2357,-0.2780,-0.1044,0.9768,0.1999,0.0142,1,2.65,0.014,1.398,1.176,STANCE,0.2934,-0.1709,1.7997,0.2531,0.2381,-0.1200,0.6534,-0.3681,0.0146,1,4.86,1.148,0.629,0.195,STANCE,-0.2253,-0.1723,1.7529,-0.0516,-0.3401,-0.1200,0.7787,0.3083,0.0143,1,2.51,0.542,0.373,0.932,STANCE,-0.2252,-0.1723,1.7533,0.0516,0.3400,-0.1200,0.3882,-0.1619,0.0148,1,1.36,0.227,0.055,0.309,STANCE,-0.2296,-0.1723,1.7366,-0.3234,-0.1426,-0.1200,0.4573,0.2108,0.0146,1,1.23,0.027,0.183,0.432,STANCE,-0.2326,-0.1721,1.7664,-0.2665,0.2321,-0.1200
1.795,288,placemove,0.7162,-0.0298,0.1345,-0.0003,0.0009,-0.0299,0.0004,-0.0000,-0.0002,0.0007,0.0011,0.1204,1.000,0.000,0.0000,-0.0000,-0.0003,0.0009,-0.0299,0.1199,0,0.9440,-0.3172,0.0200,0,0.00,0.022,0.068,0.099,SWING,-0.4608,-0.1925,1.6629,0.2366,-0.2806,-0.1158,0.9768,0.1999,0.0142,1,2.66,0.027,1.405,1.182,STANCE,0.2893,-0.1709,1.8001,0.2538,0.2375,-0.1200,0.6534,-0.3681,0.0146,1,4.88,1.176,0.582,0.256,STANCE,-0.2293,-0.1723,1.7525,-0.0525,-0.3400,-0.1200,0.7787,0.3083,0.0143,1,2.53,0.608,0.439,1.018,STANCE,-0.2292,-0.1723,1.7529,0.0525,0.3399,-0.1200,0.3882,-0.1619,0.0148,1,1.35,0.200,0.084,0.344,STANCE,-0.2337,-0.1723,1.7358,-0.3238,-0.1418,-0.1200,0.4573,0.2108,0.0146,1,1.22,0.023,0.226,0.482,STANCE,-0.2368,-0.1721,1.7662,-0.2659,0.2328,-0.1200
1.821,292,placemove,0.7163,-0.0299,0.1348,-0.0013,0.0000,-0.0287,0.0521,-0.0356,0.0149,-0.0530,-0.0478,-0.0320,1.000,0.000,0.0000,-0.0000,-0.0013,0.0000,-0.0287,0.1200,0,0.9423,-0.3152,0.0150,1,0.00,0.118,0.036,0.102,SHIFT,-0.4653,-0.1701,1.6721,0.2334,-0.2778,-0.1200,0.9766,0.1996,0.0145,1,0.00,0.100,0.011,0.004,SHIFT,0.2881,-0.1708,1.8037,0.2536,0.2369,-0.1200,0.6529,-0.3681,0.0152,1,0.00,0.187,0.023,0.005,SHIFT,-0.2349,-0.1725,1.7512,-0.0538,-0.3399,-0.1200,0.7786,0.3083,0.0144,1,0.23,0.213,0.063,0.052,SHIFT,-0.2297,-0.1725,1.7532,0.0526,0.3399,-0.1200,0.3878,-0.1617,0.0150,1,0.00,0.145,0.028,0.013,SHIFT,-0.2375,-0.1724,1.7315,-0.3246,-0.1411,-0.1200,0.4571,0.2108,0.0146,1,7.30,0.045,1.237,2.940,SHIFT,-0.2381,-0.1723,1.7638,-0.2659,0.2333,-0.1200
1.890,296,placemove,0.7180,-0.0302,0.1350,-0.0017,0.0003,-0.0280,0.1051,0.0124,0.0193,-0.0483,0.0495,0.0792,1.000,0.000,0.0000,-0.0000,-0.0017,0.0003,-0.0280,0.1202,0,0.9394,-0.3121,0.0150,1,0.00,0.007,0.015,0.019,SHIFT,-0.4744,-0.1694,1.7016,0.2291,-0.2752,-0.1204,0.9767,0.1988,0.0146,1,2.97,0.135,0.536,0.023,SHIFT,0.2911,-0.1705,1.8121,0.2522,0.2364,-0.1199,0.6522,-0.3685,0.0147,1,2.74,1.238,0.737,0.345,SHIFT,-0.2453,-0.1669,1.7436,-0.0563,-0.3398,-0.1209,0.7789,0.3078,0.0145,1,1.66,0.895,0.050,0.247,SHIFT,-0.2248,-0.1727,1.7555,0.0514,0.3398,-0.1199,0.3875,-0.1618,0.0153,1,0.00,0.007,0.055,0.010,SHIFT,-0.2424,-0.1724,1.7193,-0.3267,-0.1405,-0.1199,0.4573,0.2107,0.0147,1,0.00,0.029,0.081,0.017,SHIFT,-0.2356,-0.1726,1.7544,-0.2674,0.2338,-0.1199
1.939,300,placemove,0.7200,-0.0301,0.1352,-0.0026,0.0004,-0.0264,0.1175,0.0110,0.0150,-0.0570,0.0426,0.0932,1.000,0.000,0.0000,-0.0000,-0.0026,0.0004,-0.0264,0.1204,0,0.9393,-0.3119,0.0150,1,2.27,1.324,0.599,0.240,SHIFT,-0.4836,-0.1668,1.7069,0.2267,-0.2755,-0.1209,0.9768,0.1989,0.0147,1,2.24,0.651,0.537,0.215,SHIFT,0.2949,-0.1705,1.8210,0.2507,0.2360,-0.1198,0.6523,-0.3685,0.0150,1,0.00,0.050,0.020,0.002,SHIFT,-0.2556,-0.1664,1.7397,-0.0587,-0.3397,-0.1210,0.7789,0.3078,0.0145,1,1.62,0.859,0.064,0.216,SHIFT,-0.2191,-0.1732,1.7586,0.0500,0.3397,-0.1198,0.3875,-0.1617,0.0149,1,0.29,0.188,0.034,0.004,SHIFT,-0.2470,-0.1670,1.7024,-0.3288,-0.1400,-0.1208,0.4572,0.2109,0.0149,1,0.00,0.003,0.036,0.005,SHIFT,-0.2323,-0.1733,1.7451,-0.2690,0.2343,-0.1198
1.977,304,placemove,0.7220,-0.0301,0.1353,-0.0034,0.0006,-0.0251,0.1058,0.0171,0.0324,-0.1087,0.0753,0.0592,1.000,0.000,0.0000,-0.0000,-0.0034,0.0006,-0.0251,0.1204,0,0.9394,-0.3118,0.0151,1,0.00,0.019,0.039,0.013,SHIFT,-0.4923,-0.1671,1.7136,0.2244,-0.2758,-0.1209,0.9768,0.1989,0.0147,1,3.29,0.119,0.812,0.306,SHIFT,0.2994,-0.1708,1.8303,0.2490,0.2357,-0.1197,0.6524,-0.3684,0.0149,0,6.54,1.525,1.006,0.043,SHIFT,-0.2654,-0.1629,1.7334,-0.0610,-0.3396,-0.1216,0.7790,0.3079,0.0145,1,3.35,1.238,0.442,0.109,SHIFT,-0.2127,-0.1741,1.7618,0.0485,0.3396,-0.1197,0.3876,-0.1617,0.0149,1,0.00,0.028,0.074,0.012,SHIFT,-0.2510,-0.1663,1.6892,-0.3309,-0.1395,-0.1209,0.4573,0.2108,0.0149,1,0.00,0.029,0.114,0.022,SHIFT,-0.2286,-0.1742,1.7366,-0.2706,0.2346,-0.1197
2.016,308,placemove,0.7239,-0.0300,0.1353,-0.0039,0.0002,-0.0242,0.1088,0.0038,-0.0090,0.0177,0.0396,0.0204,1.000,0.000,0.0000,-0.0000,-0.0039,0.0002,-0.0242,0.1205,0,0.9394,-0.3117,0.0151,0,0.00,0.003,0.060,0.003,SHIFT,-0.5007,-0.1638,1.7176,0.2222,-0.2759,-0.1214,0.9768,0.1990,0.0148,1,5.30,1.003,1.335,0.522,SHIFT,0.3044,-0.1712,1.8393,0.2474,0.2355,-0.1195,0.6524,-0.3684,0.0148,1,6.66,1.764,1.357,0.295,SHIFT,-0.2747,-0.1615,1.7285,-0.0633,-0.3395,-0.1219,0.7790,0.3079,0.0145,1,0.75,0.435,0.011,0.097,SHIFT,-0.2060,-0.1751,1.7652,0.0469,0.3396,-0.1195,0.3876,-0.1616,0.0150,0,0.00,0.057,0.106,0.010,SHIFT,-0.2546,-0.1650,1.6753,-0.3330,-0.1392,-0.1210,0.4574,0.2109,0.0149,1,0.00,0.060,0.083,0.025,SHIFT,-0.2244,-0.1751,1.7281,-0.2723,0.2348,-0.1195
2.092,312,placemove,0.7257,-0.0286,0.1382,-0.0138,0.0022,-0.0233,0.1089,0.0696,0.1354,-0.5078,0.0626,0.0286,1.000,0.000,0.0000,-0.0000,-0.0138,0.0022,-0.0233,0.1226,0,0.9395,-0.3114,0.0160,1,0.00,0.037,0.020,0.023,SHIFT,-0.5068,-0.1428,1.7051,0.2206,-0.2761,-0.1251,0.9768,0.1993,0.0153,1,0.00,0.111,0.038,0.003,SHIFT,0.3085,-0.1730,1.8477,0.2460,0.2353,-0.1191,0.6525,-0.3682,0.0207,0,0.00,0.071,0.014,0.004,SHIFT,-0.2816,-0.1620,1.7262,-0.0649,-0.3395,-0.1218,0.7789,0.3081,0.0144,1,3.33,0.271,0.204,0.923,SHIFT,-0.2005,-0.1775,1.7692,0.0456,0.3395,-0.1191,0.3877,-0.1615,0.0160,1,0.00,0.031,0.036,0.005,SHIFT,-0.2570,-0.1441,1.6485,-0.3345,-0.1391,-0.1245,0.4573,0.2110,0.0163,0,0.00,0.057,0.025,0.010,SHIFT,-0.2210,-0.1757,1.7211,-0.2736,0.2350,-0.1194
2.206,316,placemove,0.7271,-0.0280,0.1417,-0.0174,0.0041,-0.0230,0.0545,0.0563,0.2837,-0.4836,0.0848,-0.0217,1.000,0.000,0.0000,-0.0000,-0.0174,0.0041,-0.0230,0.1263,1,0.9398,-0.3115,0.0145,1,0.00,0.004,0.189,0.048,SHIFT,-0.5103,-0.1088,1.6783,0.2198,-0.2762,-0.1310,0.9769,0.1993,0.0145,1,0.00,0.012,0.034,0.023,SHIFT,0.3110,-0.1555,1.8378,0.2452,0.2352,-0.1220,0.6527,-0.3684,0.0185,0,0.00,0.009,0.190,0.024,SHIFT,-0.2855,-0.1149,1.6827,-0.0660,-0.3398,-0.1299,0.7791,0.3083,0.0169,1,0.00,0.009,0.014,0.002,SHIFT,-0.1972,-0.1812,1.7730,0.0449,0.3395,-0.1184,0.3878,-0.1615,0.0149,1,0.00,0.000,0.153,0.063,SHIFT,-0.2584,-0.1096,1.6130,-0.3355,-0.1390,-0.1305,0.4574,0.2111,0.0154,1,0.00,0.002,0.024,0.028,SHIFT,-0.2188,-0.1540,1.6993,-0.2744,0.2351,-0.1231
2.328,320,placemove,0.7278,-0.0272,0.1456,-0.0223,0.0059,-0.0235,0.0135,-0.0104,0.3014,0.3925,0.0284,-0.0108,1.000,0.000,0.0000,-0.0000,-0.0223,0.0059,-0.0235,0.1317,1,0.9401,-0.3114,0.0190,0,0.00,0.104,0.075,0.034,SHIFT,-0.5106,-0.1065,1.6771,0.2196,-0.2761,-0.1314,0.9776,0.1994,0.0173,0,0.00,0.064,0.591,0.014,SHIFT,0.3112,-0.1607,1.8419,0.2451,0.2353,-0.1211,0.6529,-0.3688,0.0139,1,4.76,0.183,2.940,2.176,SHIFT,-0.2857,-0.0586,1.6317,-0.0660,-0.3399,-0.1398,0.7797,0.3083,0.0148,0,30.82,0.361,2.940,2.940,SHIFT,-0.1970,-0.1541,1.7514,0.0448,0.3395,-0.1231,0.3883,-0.1612,0.0196,0,0.00,0.116,0.062,0.029,SHIFT,-0.2584,-0.1079,1.6117,-0.3355,-0.1390,-0.1308,0.4581,0.2113,0.0165,0,0.00,0.139,0.539,0.047,SHIFT,-0.2188,-0.1413,1.6884,-0.2745,0.2351,-0.1253
2.399,324,placemove,0.7277,-0.0275,0.1499,-0.0177,0.0042,-0.0234,-0.0743,0.0018,0.2981,-0.2133,-0.6612,-0.0199,1.000,0.000,0.0000,-0.0000,-0.0177,0.0042,-0.0234,0.1331,1,0.9401,-0.3110,0.0141,0,16.14,0.684,0.134,2.940,SHIFT,-0.5107,-0.0583,1.6347,0.2195,-0.2760,-0.1398,0.9777,0.1998,0.0152,0,0.00,0.152,0.218,0.033,SHIFT,0.3112,-0.1104,1.7994,0.2452,0.2353,-0.1297,0.6532,-0.3677,0.0182,1,0.00,0.118,0.014,0.016,SHIFT,-0.2857,-0.0752,1.6494,-0.0659,-0.3395,-0.1368,0.7799,0.3088,0.0202,0,0.00,0.139,0.019,0.028,SHIFT,-0.1970,-0.1533,1.7506,0.0448,0.3395,-0.1232,0.3884,-0.1609,0.0151,0,0.00,0.089,0.493,0.090,SHIFT,-0.2584,-0.0585,1.5669,-0.3355,-0.1390,-0.1395,0.4582,0.2116,0.0142,1,3.44,0.441,2.009,1.449,SHIFT,-0.2188,-0.0986,1.6514,-0.2745,0.2351,-0.1328
2.512,328,placemove,0.7273,-0.0274,0.1554,-0.0195,0.0062,-0.0239,-0.0194,-0.0010,0.2630,-0.0367,0.2036,-0.0374,1.000,0.000,0.0000,-0.0000,-0.0195,0.0062,-0.0239,0.1342,1,0.9395,-0.3113,0.0220,1,0.00,0.001,0.204,0.032,SHIFT,-0.5106,-0.0784,1.6521,0.2196,-0.2761,-0.1363,0.9772,0.1994,0.0187,1,0.00,0.004,0.213,0.017,SHIFT,0.3112,-0.1104,1.7995,0.2452,0.2353,-0.1297,0.6525,-0.3679,0.0205,0,0.00,0.002,0.296,0.046,SHIFT,-0.2857,-0.0451,1.6215,-0.0659,-0.3395,-0.1421,0.7795,0.3084,0.0185,0,0.00,0.002,0.261,0.042,SHIFT,-0.1970,-0.1119,1.7154,0.0448,0.3396,-0.1304,0.3878,-0.1610,0.0195,1,0.00,0.004,0.245,0.031,SHIFT,-0.2584,-0.0586,1.5673,-0.3355,-0.1390,-0.1395,0.4578,0.2116,0.0228,0,0.00,0.001,0.045,0.044,SHIFT,-0.2188,-0.1186,1.6692,-0.2745,0.2351,-0.1293
2.594,332,placemove,0.7271,-0.0277,0.1601,-0.0173,0.0074,-0.0244,0.0044,0.0097,0.3669,-0.5829,0.1746,-0.0147,1.000,0.000,0.0000,-0.0000,-0.0173,0.0074,-0.0244,0.1454,1,0.9390,-0.3115,0.0191,0,0.00,0.020,0.579,0.084,SHIFT,-0.5106,-0.0328,1.6088,0.2197,-0.2762,-0.1443,0.9769,0.1994,0.0205,0,0.00,0.029,0.059,0.034,SHIFT,0.3112,-0.0840,1.7758,0.2452,0.2353,-0.1342,0.6518,-0.3678,0.0146,0,32.37,0.053,2.940,2.940,SHIFT,-0.2857,0.0114,1.5673,-0.0659,-0.3393,-0.1520,0.7791,0.3082,0.0147,1,9.32,0.012,2.940,1.238,SHIFT,-0.1970,-0.0611,1.6701,0.0448,0.3395,-0.1392,0.3872,-0.1607,0.0209,0,0.00,0.066,0.677,0.102,SHIFT,-0.2584,-0.0325,1.5421,-0.3355,-0.1390,-0.1440,0.4571,0.2121,0.0200,0,0.00,0.066,0.056,0.017,SHIFT,-0.2188,-0.0643,1.6190,-0.2747,0.2353,-0.1387
2.690,336,placemove,0.7272,-0.0275,0.1643,-0.0248,0.0084,-0.0245,-0.0087,0.0080,0.2104,-0.2400,-0.1374,0.0859,1.000,0.000,0.0000,-0.0000,-0.0248,0.0084,-0.0245,nan,1,0.9386,-0.3125,0.0182,0,0.00,0.099,0.252,0.031,SHIFT,-0.5106,0.0092,1.5679,0.2197,-0.2761,-0.1516,0.9768,0.1982,0.0159,0,0.00,0.913,0.837,0.027,SHIFT,0.3112,-0.0435,1.7383,0.2452,0.2353,-0.1412,0.6516,-0.3688,0.0242,0,0.00,0.084,0.037,0.090,SHIFT,-0.2857,-0.0063,1.5839,-0.0659,-0.3395,-0.1489,0.7790,0.3074,0.0219,0,0.00,0.127,0.347,0.059,SHIFT,-0.1970,-0.0935,1.6998,0.0448,0.3395,-0.1336,0.3870,-0.1617,0.0203,0,0.00,0.089,0.012,0.013,SHIFT,-0.2584,0.0075,1.5029,-0.3355,-0.1390,-0.1510,0.4571,0.2108,0.0153,0,0.00,0.110,0.153,0.016,SHIFT,-0.2188,-0.0206,1.5787,-0.2745,0.2351,-0.1464
2.762,340,placemove,0.7269,-0.0285,0.1695,-0.0231,0.0023,-0.0257,-0.0105,-0.0537,0.2488,-0.0712,-0.1836,-0.2047,1.000,0.000,0.0000,-0.0000,-0.0231,0.0023,-0.0257,0.1469,1,0.9390,-0.3134,0.0200,1,0.00,0.118,0.144,0.039,SHIFT,-0.5106,0.0193,1.5580,0.2196,-0.2761,-0.1534,0.9774,0.1972,0.0229,1,0.00,0.097,0.007,0.108,SHIFT,0.3112,-0.0582,1.7542,0.2450,0.2351,-0.1386,0.6520,-0.3696,0.0224,0,0.00,0.157,0.139,0.026,SHIFT,-0.2857,0.0283,1.5488,-0.0659,-0.3395,-0.1550,0.7799,0.3066,0.0221,0,0.00,0.124,0.155,0.034,SHIFT,-0.1970,-0.0602,1.6690,0.0448,0.3395,-0.1394,0.3876,-0.1624,0.0148,0,9.82,1.218,0.288,1.114,SHIFT,-0.2584,0.0519,1.4572,-0.3355,-0.1390,-0.1588,0.4582,0.2100,0.0191,1,0.00,0.170,0.327,0.075,SHIFT,-0.2187,-0.0353,1.5952,-0.2743,0.2349,-0.1438
2.873,344,placemove,0.7268,-0.0294,0.1720,-0.0222,-0.0072,-0.0290,-0.0116,-0.0540,0.0798,0.0490,-0.6116,-0.1994,1.000,0.000,0.0000,-0.0000,-0.0222,-0.0072,-0.0290,nan,1,0.9391,-0.3146,0.0361,0,0.00,0.004,0.089,0.103,SHIFT,-0.5106,-0.0474,1.6247,0.2195,-0.2760,-0.1417,0.9785,0.1951,0.0396,0,0.00,0.003,0.090,0.103,SHIFT,0.3112,-0.1249,1.8209,0.2443,0.2343,-0.1270,0.6519,-0.3702,0.0221,0,0.00,0.004,0.340,0.002,SHIFT,-0.2857,0.0447,1.5317,-0.0659,-0.3395,-0.1578,0.7821,0.3056,0.0231,0,0.00,0.005,0.340,0.003,SHIFT,-0.1970,-0.0438,1.6536,0.0448,0.3396,-0.1422,0.3881,-0.1620,0.0228,0,0.00,0.002,0.086,0.103,SHIFT,-0.2584,-0.0059,1.5154,-0.3357,-0.1390,-0.1487,0.4605,0.2098,0.0313,0,0.00,0.002,0.086,0.103,SHIFT,-0.2188,-0.1020,1.6619,-0.2737,0.2344,-0.1322
2.927,348,placemove,0.7263,-0.0299,0.1735,-0.0248,-0.0182,-0.0327,-0.0378,-0.0197,0.1724,0.9402,-0.1761,-0.0757,1.000,0.000,0.0000,-0.0000,-0.0248,-0.0182,-0.0327,0.1589,1,0.9392,-0.3167,0.0441,0,0.00,0.025,0.515,0.018,SHIFT,-0.5106,-0.0539,1.6297,0.2196,-0.2761,-0.1406,0.9813,0.1936,0.0404,0,0.00,0.026,0.748,0.116,SHIFT,0.3112,-0.1013,1.7919,0.2451,0.2352,-0.1312,0.6524,-0.3707,0.0150,1,0.00,0.016,0.810,0.065,SHIFT,-0.2857,0.0929,1.4834,-0.0658,-0.3390,-0.1662,0.7850,0.3040,0.0138,0,32.78,0.113,2.940,2.940,SHIFT,-0.1970,0.0136,1.5975,0.0448,0.3395,-0.1523,0.3891,-0.1615,0.0324,0,0.00,0.045,0.185,0.141,SHIFT,-0.2584,-0.0726,1.5820,-0.3352,-0.1389,-0.1370,0.4625,0.2101,0.0398,0,0.00,0.016,0.244,0.030,SHIFT,-0.2188,-0.1648,1.7111,-0.2741,0.2348,-0.1212
3.020,352,placemove,0.7258,-0.0302,0.1746,-0.0110,-0.0143,-0.0344,-0.0339,-0.0196,0.0151,0.8087,0.4524,-0.0891,1.000,0.000,0.0000,-0.0000,-0.0110,-0.0143,-0.0344,nan,1,0.9379,-0.3155,0.0396,0,0.00,0.001,0.357,0.004,SHIFT,-0.5106,-0.0418,1.6180,0.2196,-0.2761,-0.1427,0.9809,0.1948,0.0424,0,0.00,0.005,0.337,0.005,SHIFT,0.3112,-0.0862,1.7781,0.2452,0.2353,-0.1338,0.6506,-0.3693,0.0218,0,0.00,0.004,0.092,0.101,SHIFT,-0.2857,0.0263,1.5501,-0.0660,-0.3396,-0.1546,0.7844,0.3056,0.0269,0,0.00,0.007,0.067,0.105,SHIFT,-0.1970,-0.0417,1.6527,0.0448,0.3394,-0.1426,0.3878,-0.1593,0.0389,0,0.00,0.005,0.296,0.012,SHIFT,-0.2584,-0.0952,1.6007,-0.3355,-0.1390,-0.1330,0.4614,0.2125,0.0472,0,0.00,0.002,0.320,0.001,SHIFT,-0.2188,-0.1660,1.7089,-0.2745,0.2351,-0.1210
3.063,356,placemove,0.7252,-0.0306,0.1736,0.0023,-0.0047,-0.0360,-0.0329,-0.0204,-0.1303,0.8201,0.5499,-0.0897,1.000,0.000,0.0000,-0.0000,0.0023,-0.0047,-0.0360,nan,1,0.9358,-0.3143,0.0221,0,0.00,0.001,0.105,0.095,SHIFT,-0.5106,0.0245,1.5521,0.2197,-0.2762,-0.1543,0.9799,0.1962,0.0315,0,0.00,0.006,0.103,0.097,SHIFT,0.3112,-0.0198,1.7126,0.2455,0.2356,-0.1454,0.6481,-0.3675,0.0288,0,0.00,0.004,0.098,0.102,SHIFT,-0.2857,-0.0404,1.6167,-0.0660,-0.3395,-0.1429,0.7828,0.3064,0.0419,0,0.00,0.007,0.096,0.104,SHIFT,-0.1970,-0.1083,1.7194,0.0446,0.3385,-0.1310,0.3854,-0.1575,0.0287,0,0.00,0.007,0.103,0.097,SHIFT,-0.2584,-0.0297,1.5360,-0.3360,-0.1391,-0.1445,0.4595,0.2150,0.0413,0,0.00,0.001,0.102,0.098,SHIFT,-0.2188,-0.0999,1.6452,-0.2753,0.2359,-0.1325
3.173,360,placemove,0.7238,-0.0301,0.1723,-0.0056,-0.0099,-0.0370,-0.0746,0.0897,-0.0263,-1.1843,1.1365,-0.1501,1.000,0.000,0.0000,-0.0000,-0.0056,-0.0099,-0.0370,0.1545,1,0.9346,-0.3138,0.0162,1,0.00,0.035,0.212,0.049,SHIFT,-0.5106,0.0472,1.5367,0.2190,-0.2751,-0.1582,0.9796,0.1955,0.0191,0,0.00,0.003,0.043,0.067,SHIFT,0.3112,0.0439,1.6497,0.2453,0.2354,-0.1566,0.6474,-0.3670,0.0399,0,0.00,0.049,0.352,0.088,SHIFT,-0.2857,-0.1071,1.6834,-0.0657,-0.3387,-0.1313,0.7826,0.3067,0.0454,0,0.00,0.050,0.241,0.024,SHIFT,-0.1970,-0.1361,1.7373,0.0448,0.3394,-0.1262,0.3852,-0.1575,0.0148,0,19.45,0.307,0.497,2.940,SHIFT,-0.2584,0.0304,1.4821,-0.3351,-0.1389,-0.1551,0.4591,0.2150,0.0257,0,0.00,0.032,0.640,0.160,SHIFT,-0.2188,-0.0365,1.5889,-0.2751,0.2357,-0.1436
3.287,364,placemove,0.7221,-0.0290,0.1709,-0.0142,-0.0139,-0.0380,-0.1110,0.0552,-0.1402,-0.3910,-0.4602,-0.0409,1.000,0.000,0.0000,-0.0000,-0.0142,-0.0139,-0.0380,0.1533,1,0.9326,-0.3146,0.0297,0,0.00,0.002,0.093,0.105,SHIFT,-0.5106,-0.0195,1.6034,0.2191,-0.2752,-0.1466,0.9782,0.1945,0.0164,1,0.00,0.004,0.051,0.055,SHIFT,0.3112,0.0258,1.6694,0.2452,0.2353,-0.1534,0.6457,-0.3655,0.0538,0,0.00,0.004,0.093,0.104,SHIFT,-0.2857,-0.1737,1.7500,-0.0653,-0.3371,-0.1198,0.7816,0.3067,0.0420,0,0.00,0.000,0.028,0.003,SHIFT,-0.1970,-0.1417,1.7411,0.0448,0.3395,-0.1252,0.3838,-0.1573,0.0219,0,0.00,0.003,0.096,0.103,SHIFT,-0.2584,-0.0245,1.5359,-0.3353,-0.1389,-0.1454,0.4588,0.2142,0.0192,0,0.00,0.000,0.007,0.005,SHIFT,-0.2188,-0.0266,1.5847,-0.2745,0.2351,-0.1453
3.401,368,placemove,0.7209,-0.0285,0.1682,-0.0091,-0.0082,-0.0393,-0.0441,0.0124,-0.2041,0.3574,0.5423,-0.1083,1.000,0.000,0.0000,-0.0000,-0.0091,-0.0082,-0.0393,0.1504,1,0.9302,-0.3131,0.0370,0,0.00,0.004,0.053,0.107,SHIFT,-0.5106,-0.0861,1.6700,0.2188,-0.2747,-0.1349,0.9765,0.1955,0.0254,0,0.00,0.002,0.140,0.098,SHIFT,0.3112,-0.0409,1.7361,0.2452,0.2353,-0.1417,0.6430,-0.3659,0.0547,0,0.00,0.007,0.318,0.017,SHIFT,-0.2857,-0.1863,1.7460,-0.0658,-0.3392,-0.1176,0.7803,0.3079,0.0335,0,0.00,0.004,0.049,0.084,SHIFT,-0.1970,-0.0934,1.6963,0.0449,0.3400,-0.1336,0.3822,-0.1555,0.0316,0,0.00,0.002,0.058,0.107,SHIFT,-0.2584,-0.0912,1.6026,-0.3347,-0.1387,-0.1338,0.4578,0.2151,0.0162,1,0.00,0.008,0.010,0.053,SHIFT,-0.2188,-0.0227,1.5859,-0.2740,0.2346,-0.1460
3.468,372,placemove,0.7202,-0.0283,0.1633,-0.0049,0.0014,-0.0412,-0.0446,0.0139,-0.3637,0.2781,0.5654,-0.1123,1.000,0.000,0.0000,-0.0000,-0.0049,0.0014,-0.0412,nan,1,0.9270,-0.3114,0.0407,0,0.00,0.002,0.098,0.103,SHIFT,-0.5106,-0.1528,1.7367,0.2181,-0.2735,-0.1234,0.9743,0.1955,0.0312,0,0.00,0.004,0.097,0.103,SHIFT,0.3112,-0.1075,1.8028,0.2446,0.2346,-0.1301,0.6401,-0.3665,0.0382,0,0.00,0.006,0.103,0.097,SHIFT,-0.2857,-0.1196,1.6808,-0.0663,-0.3407,-0.1291,0.7792,0.3094,0.0184,0,0.00,0.004,0.104,0.096,SHIFT,-0.1970,-0.0267,1.6297,0.0450,0.3407,-0.1453,0.3813,-0.1537,0.0412,0,0.00,0.003,0.097,0.104,SHIFT,-0.2584,-0.1579,1.6692,-0.3333,-0.1384,-0.1222,0.4565,0.2162,0.0270,0,0.00,0.002,0.097,0.104,SHIFT,-0.2188,-0.0894,1.6526,-0.2735,0.2342,-0.1344
3.542,376,placemove,0.7195,-0.0288,0.1572,0.0177,0.0007,-0.0438,-0.0131,-0.0186,-0.3722,0.4198,-0.1376,0.0162,1.000,0.000,0.0000,-0.0000,0.0177,0.0007,-0.0438,0.1367,1,0.9246,-0.3080,0.0399,0,0.00,0.332,0.893,0.023,SHIFT,-0.5106,-0.2195,1.8019,0.2171,-0.2719,-0.1119,0.9732,0.1959,0.0417,0,0.00,0.174,0.365,0.134,SHIFT,0.3112,-0.1742,1.8694,0.2435,0.2334,-0.1185,0.6381,-0.3647,0.0130,0,49.89,0.777,2.940,2.940,SHIFT,-0.2857,-0.0668,1.6271,-0.0666,-0.3416,-0.1383,0.7791,0.3107,0.0195,1,0.00,0.115,0.622,0.186,SHIFT,-0.1970,-0.0411,1.6524,0.0448,0.3394,-0.1427,0.3824,-0.1501,0.0437,0,0.00,0.186,0.610,0.015,SHIFT,-0.2584,-0.2245,1.7332,-0.3315,-0.1379,-0.1107,0.4574,0.2183,0.0379,0,0.00,0.142,0.346,0.169,SHIFT,-0.2188,-0.1561,1.7193,-0.2724,0.2332,-0.1228
3.605,380,placemove,0.7195,-0.0284,0.1517,-0.0038,0.0068,-0.0437,0.0010,0.0278,-0.3673,-1.4038,0.3984,0.0137,1.000,0.000,0.0000,-0.0000,-0.0038,0.0068,-0.0437,0.1285,1,0.9257,-0.3130,0.0454,0,0.00,0.006,0.158,0.018,SHIFT,-0.5106,-0.2505,1.7964,0.2193,-0.2755,-0.1066,0.9740,0.1958,0.0297,0,0.00,0.004,0.121,0.015,SHIFT,0.3112,-0.1526,1.8350,0.2452,0.2353,-0.1225,0.6377,-0.3657,0.0214,1,0.00,0.016,0.041,0.112,SHIFT,-0.2857,-0.1132,1.6782,-0.0662,-0.3402,-0.1302,0.7781,0.3078,0.0194,0,0.00,0.009,0.158,0.096,SHIFT,-0.1970,-0.1077,1.7190,0.0446,0.3385,-0.1311,0.3778,-0.1527,0.0429,0,0.00,0.002,0.031,0.001,SHIFT,-0.2584,-0.2093,1.6951,-0.3354,-0.1389,-0.1131,0.4566,0.2166,0.0410,0,0.00,0.006,0.229,0.146,SHIFT,-0.2188,-0.2182,1.7609,-0.2732,0.2339,-0.1121
3.687,384,placemove,0.7192,-0.0281,0.1456,-0.0071,0.0004,-0.0431,-0.0777,-0.0133,-0.2987,1.6463,-2.2282,0.0580,1.000,0.000,0.0000,-0.0000,-0.0071,0.0004,-0.0431,0.1320,1,0.9267,-0.3156,0.0318,0,0.00,0.075,0.106,0.086,SHIFT,-0.5106,-0.1851,1.7339,0.2203,-0.2772,-0.1178,0.9737,0.1949,0.0136,1,13.95,0.001,0.302,2.940,SHIFT,0.3112,-0.1063,1.8006,0.2447,0.2347,-0.1303,0.6384,-0.3650,0.0300,0,0.00,0.062,0.045,0.111,SHIFT,-0.2857,-0.1798,1.7448,-0.0657,-0.3386,-0.1187,0.7775,0.3055,0.0215,0,0.00,0.057,0.309,0.100,SHIFT,-0.1970,-0.1744,1.7857,0.0443,0.3369,-0.1195,0.3759,-0.1541,0.0262,0,0.00,0.005,0.265,0.080,SHIFT,-0.2584,-0.1427,1.6293,-0.3372,-0.1394,-0.1246,0.4544,0.2176,0.0252,0,0.00,0.044,0.070,0.079,SHIFT,-0.2188,-0.1645,1.7044,-0.2748,0.2354,-0.1213
3.763,388,placemove,0.7199,-0.0283,0.1417,0.0044,0.0127,-0.0414,0.1764,0.0103,-0.0373,0.7605,1.4703,-0.0868,1.000,0.000,0.0000,-0.0000,0.0044,0.0127,-0.0414,0.1253,1,0.9278,-0.3154,0.0137,0,30.34,1.124,2.940,2.940,SHIFT,-0.5106,-0.1484,1.6925,0.2212,-0.2787,-0.1241,0.9716,0.1955,0.0200,0,0.00,0.125,0.391,0.088,SHIFT,0.3112,-0.1730,1.8673,0.2436,0.2335,-0.1187,0.6396,-0.3618,0.0327,0,0.00,0.123,0.238,0.031,SHIFT,-0.2857,-0.2465,1.8068,-0.0652,-0.3369,-0.1073,0.7763,0.3054,0.0328,0,0.00,0.178,0.406,0.000,SHIFT,-0.1970,-0.2411,1.8436,0.0441,0.3358,-0.1081,0.3765,-0.1532,0.0165,1,0.00,0.219,0.065,0.029,SHIFT,-0.2582,-0.1315,1.6269,-0.3362,-0.1392,-0.1266,0.4544,0.2192,0.0141,1,31.28,2.940,2.940,2.940,SHIFT,-0.2226,-0.1015,1.6537,-0.2739,0.2358,-0.1322
3.859,392,placemove,0.7218,-0.0273,0.1412,-0.0187,0.0076,-0.0460,0.1073,0.0608,-0.0870,-1.4588,-0.1911,-0.2635,1.000,0.000,0.0000,-0.0000,-0.0187,0.0076,-0.0460,0.1139,1,0.9280,-0.3161,0.0252,1,0.00,0.001,0.088,0.106,SHIFT,-0.5106,-0.1873,1.7381,0.2201,-0.2769,-0.1174,0.9734,0.1919,0.0270,0,0.00,0.003,0.154,0.024,SHIFT,0.3112,-0.2396,1.9264,0.2428,0.2326,-0.1075,0.6394,-0.3653,0.0381,0,0.00,0.000,0.150,0.034,SHIFT,-0.2857,-0.2270,1.7744,-0.0660,-0.3395,-0.1106,0.7807,0.3076,0.0348,0,0.00,0.000,0.083,0.025,SHIFT,-0.1970,-0.2857,1.8516,0.0448,0.3392,-0.1007,0.3800,-0.1526,0.0298,0,0.00,0.008,0.097,0.103,SHIFT,-0.2583,-0.1982,1.6936,-0.3344,-0.1387,-0.1151,0.4579,0.2171,0.0178,0,0.00,0.010,0.108,0.101,SHIFT,-0.2190,-0.1681,1.7203,-0.2734,0.2341,-0.1207
3.910,396,placemove,0.7236,-0.0264,0.1384,-0.0395,0.0014,-0.0504,0.1082,0.0581,-0.2315,-1.0440,-0.4882,-0.2467,1.000,0.000,0.0000,-0.0000,-0.0395,0.0014,-0.0504,nan,1,0.9279,-0.3159,0.0413,0,0.00,0.007,0.196,0.017,SHIFT,-0.5106,-0.2540,1.8029,0.2190,-0.2750,-0.1060,0.9792,0.1920,0.0287,0,0.00,0.004,0.101,0.022,SHIFT,0.3112,-0.2833,1.9349,0.2449,0.2350,-0.1006,0.6395,-0.3683,0.0313,0,0.00,0.010,0.072,0.101,SHIFT,-0.2857,-0.1604,1.7090,-0.0665,-0.3415,-0.1220,0.7846,0.3064,0.0236,0,0.00,0.006,0.278,0.000,SHIFT,-0.1970,-0.2686,1.8376,0.0448,0.3396,-0.1035,0.3827,-0.1520,0.0399,0,0.00,0.006,0.130,0.015,SHIFT,-0.2584,-0.2649,1.7430,-0.3343,-0.1386,-0.1035,0.4629,0.2153,0.0202,0,0.00,0.002,0.141,0.004,SHIFT,-0.2188,-0.2348,1.7847,-0.2719,0.2327,-0.1093
3.983,400,placemove,0.7248,-0.0260,0.1346,-0.0331,-0.0044,-0.0504,0.0473,-0.0205,-0.2120,1.4443,-0.4565,0.1487,1.000,0.000,0.0000,-0.0000,-0.0331,-0.0044,-0.0504,0.1173,1,0.9302,-0.3163,0.0440,0,0.00,0.006,0.287,0.019,SHIFT,-0.5106,-0.2725,1.8073,0.2196,-0.2761,-0.1028,0.9817,0.1927,0.0275,0,0.00,0.007,0.016,0.002,SHIFT,0.3112,-0.2868,1.9354,0.2451,0.2352,-0.1000,0.6407,-0.3695,0.0152,0,0.00,0.009,0.150,0.090,SHIFT,-0.2857,-0.0937,1.6423,-0.0670,-0.3429,-0.1336,0.7868,0.3062,0.0153,1,0.00,0.000,0.054,0.026,SHIFT,-0.1970,-0.2523,1.8323,0.0446,0.3387,-0.1063,0.3829,-0.1513,0.0387,0,0.00,0.002,0.014,0.003,SHIFT,-0.2584,-0.2835,1.7478,-0.3354,-0.1390,-0.1002,0.4631,0.2185,0.0245,0,0.00,0.003,0.030,0.024,SHIFT,-0.2188,-0.2833,1.7980,-0.2742,0.2348,-0.1008
4.044,404,placemove,0.7252,-0.0252,0.1327,-0.0517,-0.0029,-0.0507,-0.0160,0.0532,-0.1252,-0.6968,-0.6623,0.1876,1.000,0.000,0.0000,-0.0000,-0.0517,-0.0029,-0.0507,0.1128,1,0.9311,-0.3191,0.0346,0,0.00,0.021,0.147,0.036,SHIFT,-0.5106,-0.2059,1.7485,0.2204,-0.2774,-0.1142,0.9822,0.1919,0.0203,0,0.00,0.724,1.717,0.040,SHIFT,0.3112,-0.2744,1.9255,0.2453,0.2354,-0.1021,0.6411,-0.3693,0.0183,1,0.00,0.043,0.122,0.131,SHIFT,-0.2857,-0.1121,1.6683,-0.0665,-0.3415,-0.1304,0.7872,0.3059,0.0155,0,0.00,0.113,0.192,0.001,SHIFT,-0.1970,-0.2873,1.8509,0.0448,0.3395,-0.1004,0.3830,-0.1518,0.0396,0,0.00,0.083,0.300,0.031,SHIFT,-0.2584,-0.2845,1.7480,-0.3355,-0.1390,-0.1000,0.4630,0.2182,0.0208,0,0.00,0.128,0.059,0.007,SHIFT,-0.2188,-0.2879,1.7988,-0.2745,0.2351,-0.1000
4.149,408,placemove,0.7244,-0.0265,0.1319,-0.0348,-0.0146,-0.0474,-0.0391,-0.2571,0.1229,2.2869,-0.1342,0.0579,1.000,0.000,0.0000,-0.0000,-0.0348,-0.0146,-0.0474,0.1153,1,0.9335,-0.3193,0.0218,0,0.00,0.160,0.364,0.082,SHIFT,-0.5106,-0.1392,1.6858,0.2211,-0.2786,-0.1257,0.9826,0.1931,0.0146,1,12.21,1.686,0.050,2.940,SHIFT,0.3106,-0.2100,1.8756,0.2457,0.2357,-0.1128,0.6437,-0.3671,0.0240,0,0.00,0.010,0.063,0.085,SHIFT,-0.2857,-0.1788,1.7350,-0.0661,-0.3399,-0.1189,0.7868,0.3068,0.0190,1,0.00,0.120,0.286,0.017,SHIFT,-0.1970,-0.2896,1.8521,0.0448,0.3395,-0.1000,0.3837,-0.1529,0.0303,0,0.00,0.132,0.217,0.056,SHIFT,-0.2584,-0.2640,1.7322,-0.3358,-0.1390,-0.1035,0.4629,0.2173,0.0146,1,29.66,1.329,2.849,2.940,SHIFT,-0.2184,-0.2573,1.7788,-0.2744,0.2349,-0.1053
4.231,412,placemove,0.7232,-0.0296,0.1336,-0.0310,-0.0300,-0.0477,-0.0737,-0.1060,0.1166,-0.1895,-0.0074,-0.2966,1.000,0.000,0.0000,-0.0000,-0.0310,-0.0300,-0.0477,0.1148,1,0.9337,-0.3206,0.0169,1,0.00,0.200,0.529,0.012,SHIFT,-0.5106,-0.1137,1.6767,0.2202,-0.2770,-0.1301,0.9819,0.1903,0.0305,0,0.00,0.266,0.861,0.112,SHIFT,0.3112,-0.2738,1.9291,0.2449,0.2350,-0.1021,0.6449,-0.3671,0.0329,0,0.00,0.227,0.474,0.004,SHIFT,-0.2857,-0.2454,1.7997,-0.0655,-0.3378,-0.1075,0.7872,0.3043,0.0244,0,0.00,0.370,0.079,0.007,SHIFT,-0.1970,-0.2897,1.8521,0.0448,0.3395,-0.1000,0.3824,-0.1565,0.0141,0,38.37,2.940,2.940,2.940,SHIFT,-0.2585,-0.2035,1.6740,-0.3378,-0.1396,-0.1139,0.4634,0.2150,0.0176,0,0.00,0.476,0.692,0.058,SHIFT,-0.2188,-0.2863,1.7977,-0.2745,0.2351,-0.1003
4.312,416,placemove,0.7230,-0.0308,0.1352,-0.0418,-0.0151,-0.0531,-0.0074,-0.0693,0.0293,-0.6705,0.7825,-0.3370,1.000,0.000,0.0000,-0.0000,-0.0418,-0.0151,-0.0531,0.1074,1,0.9292,-0.3222,0.0299,0,0.00,0.006,0.097,0.104,SHIFT,-0.5106,-0.1803,1.7433,0.2193,-0.2755,-0.1186,0.9817,0.1871,0.0296,0,0.00,0.001,0.013,0.005,SHIFT,0.3112,-0.2863,1.9351,0.2451,0.2352,-0.1001,0.6407,-0.3707,0.0364,0,0.00,0.004,0.099,0.064,SHIFT,-0.2857,-0.2137,1.7608,-0.0661,-0.3401,-0.1128,0.7872,0.3017,0.0223,0,0.00,0.000,0.002,0.000,SHIFT,-0.1970,-0.2897,1.8521,0.0448,0.3395,-0.1000,0.3822,-0.1562,0.0256,1,0.00,0.005,0.094,0.105,SHIFT,-0.2584,-0.2373,1.7170,-0.3352,-0.1389,-0.1082,0.4629,0.2142,0.0211,0,0.00,0.000,0.002,0.001,SHIFT,-0.2188,-0.2880,1.7988,-0.2745,0.2351,-0.1000
4.364,420,placemove,0.7229,-0.0319,0.1342,-0.0541,-0.0011,-0.0586,-0.0058,-0.0687,-0.1258,-0.7172,1.0429,-0.3455,1.000,0.000,0.0000,-0.0000,-0.0541,-0.0011,-0.0586,nan,1,0.9250,-0.3231,0.0410,0,0.00,0.011,0.161,0.006,SHIFT,-0.5106,-0.2470,1.8059,0.2183,-0.2739,-0.1072,0.9813,0.1833,0.0230,0,0.00,0.004,0.016,0.002,SHIFT,0.3112,-0.2870,1.9354,0.2451,0.2353,-0.1000,0.6366,-0.3752,0.0295,0,0.00,0.006,0.095,0.099,SHIFT,-0.2857,-0.1470,1.6942,-0.0667,-0.3421,-0.1243,0.7874,0.2989,0.0169,0,0.00,0.005,0.003,0.001,SHIFT,-0.1970,-0.2897,1.8521,0.0448,0.3395,-0.1000,0.3801,-0.1562,0.0399,0,0.00,0.003,0.062,0.028,SHIFT,-0.2584,-0.2809,1.7462,-0.3354,-0.1389,-0.1007,0.4625,0.2132,0.0214,0,0.00,0.000,0.019,0.002,SHIFT,-0.2188,-0.2881,1.7988,-0.2745,0.2351,-0.1000
4.436,424,placemove,0.7223,-0.0331,0.1320,-0.0468,0.0002,-0.0588,-0.0686,-0.0726,-0.1342,1.2521,-0.7634,0.2953,1.000,0.000,0.0000,-0.0000,-0.0468,0.0002,-0.0588,0.1157,1,0.9248,-0.3260,0.0450,0,0.00,0.002,0.055,0.020,SHIFT,-0.5106,-0.2860,1.8172,0.2195,-0.2760,-0.1005,0.9814,0.1827,0.0155,0,0.00,0.107,0.275,0.101,SHIFT,0.3112,-0.2500,1.8998,0.2462,0.2364,-0.1062,0.6346,-0.3778,0.0151,0,0.00,0.008,0.120,0.092,SHIFT,-0.2857,-0.0803,1.6275,-0.0671,-0.3433,-0.1359,0.7868,0.2981,0.0156,1,0.00,0.023,0.025,0.002,SHIFT,-0.1970,-0.2900,1.8521,0.0448,0.3396,-0.1000,0.3780,-0.1569,0.0344,0,0.00,0.000,0.136,0.068,SHIFT,-0.2584,-0.2443,1.7122,-0.3366,-0.1393,-0.1069,0.4617,0.2130,0.0195,0,0.00,0.011,0.109,0.105,SHIFT,-0.2188,-0.2696,1.7839,-0.2747,0.2353,-0.1031
4.519,428,placemove,0.7212,-0.0342,0.1353,-0.0330,-0.0057,-0.0598,-0.0296,-0.1028,0.2249,0.7201,-0.1000,-0.1009,1.000,0.000,0.0000,-0.0000,-0.0330,-0.0057,-0.0598,0.1153,1,0.9250,-0.3275,0.0358,0,0.00,0.003,0.104,0.085,SHIFT,-0.5106,-0.2225,1.7603,0.2205,-0.2775,-0.1113,0.9806,0.1826,0.0214,1,0.00,0.003,0.096,0.104,SHIFT,0.3112,-0.2549,1.9135,0.2451,0.2352,-0.1053,0.6342,-0.3771,0.0161,1,0.00,0.001,0.099,0.102,SHIFT,-0.2857,-0.1210,1.6644,-0.0670,-0.3432,-0.1288,0.7866,0.2986,0.0234,0,0.00,0.001,0.000,0.000,SHIFT,-0.1970,-0.2897,1.8521,0.0448,0.3395,-0.1000,0.3752,-0.1575,0.0210,0,0.00,0.006,0.103,0.096,SHIFT,-0.2584,-0.1777,1.6456,-0.3390,-0.1399,-0.1183,0.4613,0.2134,0.0167,1,0.00,0.006,0.103,0.060,SHIFT,-0.2188,-0.2466,1.7691,-0.2746,0.2352,-0.1071
4.625,432,placemove,0.7213,-0.0358,0.1383,-0.0240,0.0061,-0.0610,0.0801,-0.0691,0.1769,0.3566,1.6117,-0.0451,1.000,0.000,0.0000,-0.0000,-0.0240,0.0061,-0.0610,0.1242,1,0.9247,-0.3307,0.0229,0,0.00,0.037,0.102,0.095,SHIFT,-0.5106,-0.1558,1.6937,0.2216,-0.2794,-0.1228,0.9797,0.1817,0.0311,0,0.00,0.030,0.014,0.005,SHIFT,0.3112,-0.2851,1.9342,0.2451,0.2352,-0.1003,0.6334,-0.3755,0.0278,0,0.00,0.047,0.092,0.111,SHIFT,-0.2857,-0.1877,1.7310,-0.0665,-0.3415,-0.1173,0.7861,0.2980,0.0295,0,0.00,0.057,0.027,0.007,SHIFT,-0.1970,-0.2897,1.8521,0.0448,0.3395,-0.1000,0.3737,-0.1578,0.0141,1,3.78,0.377,0.661,1.692,SHIFT,-0.2584,-0.1127,1.5905,-0.3392,-0.1400,-0.1297,0.4611,0.2131,0.0322,0,0.00,0.070,0.044,0.026,SHIFT,-0.2188,-0.2852,1.7971,-0.2745,0.2351,-0.1005
4.687,436,placemove,0.7221,-0.0364,0.1405,-0.0293,0.0099,-0.0612,-0.0030,0.0408,0.1537,-1.4370,-0.6229,0.0317,1.000,0.000,0.0000,-0.0000,-0.0293,0.0099,-0.0612,0.1275,1,0.9245,-0.3320,0.0130,1,6.59,0.655,1.348,2.940,SHIFT,-0.5106,-0.0941,1.6444,0.2213,-0.2789,-0.1335,0.9798,0.1807,0.0312,0,0.00,0.082,0.032,0.002,SHIFT,0.3112,-0.2869,1.9354,0.2451,0.2353,-0.1000,0.6341,-0.3743,0.0401,0,0.00,0.101,0.150,0.054,SHIFT,-0.2857,-0.2306,1.7759,-0.0660,-0.3397,-0.1100,0.7862,0.2970,0.0307,0,0.00,0.062,0.016,0.009,SHIFT,-0.1970,-0.2897,1.8521,0.0448,0.3395,-0.1000,0.3750,-0.1581,0.0282,0,0.00,0.118,0.083,0.100,SHIFT,-0.2584,-0.1793,1.6571,-0.3375,-0.1395,-0.1181,0.4612,0.2123,0.0356,0,0.00,0.021,0.261,0.025,SHIFT,-0.2188,-0.2751,1.7900,-0.2745,0.2351,-0.1022
4.764,440,placemove,0.7221,-0.0357,0.1413,-0.0463,0.0084,-0.0611,-0.0012,0.0392,-0.0192,-1.0531,0.0316,0.0122,1.000,0.000,0.0000,-0.0000,-0.0463,0.0084,-0.0611,nan,1,0.9241,-0.3317,0.0284,0,0.00,0.002,0.091,0.105,SHIFT,-0.5106,-0.1608,1.7111,0.2206,-0.2777,-0.1220,0.9799,0.1795,0.0290,0,0.00,0.002,0.007,0.001,SHIFT,0.3112,-0.2871,1.9354,0.2451,0.2353,-0.1000,0.6343,-0.3758,0.0395,0,0.00,0.005,0.147,0.029,SHIFT,-0.2857,-0.1783,1.7351,-0.0660,-0.3398,-0.1189,0.7863,0.2957,0.0261,0,0.00,0.000,0.002,0.001,SHIFT,-0.1970,-0.2897,1.8521,0.0448,0.3395,-0.1000,0.3776,-0.1586,0.0423,0,0.00,0.011,0.106,0.102,SHIFT,-0.2584,-0.2460,1.7238,-0.3351,-0.1389,-0.1067,0.4609,0.2109,0.0227,0,0.00,0.007,0.161,0.043,SHIFT,-0.2188,-0.2170,1.7455,-0.2748,0.2354,-0.1122
4.818,444,placemove,0.7223,-0.0358,0.1412,-0.0403,0.0158,-0.0612,-0.0420,-0.0764,0.0328,1.7434,-0.6384,0.1587,1.000,0.000,0.0000,-0.0000,-0.0403,0.0158,-0.0612,0.1223,1,0.9225,-0.3292,0.0378,0,0.00,0.020,0.152,0.107,SHIFT,-0.5106,-0.2275,1.7777,0.2194,-0.2757,-0.1105,0.9807,0.1808,0.0202,0,0.00,0.854,2.472,0.311,SHIFT,0.3113,-0.2404,1.8874,0.2467,0.2370,-0.1079,0.6328,-0.3773,0.0284,0,0.00,0.025,0.415,0.061,SHIFT,-0.2857,-0.1116,1.6690,-0.0665,-0.3414,-0.1305,0.7858,0.2964,0.0177,0,0.00,0.148,0.207,0.033,SHIFT,-0.1970,-0.2351,1.8075,0.0450,0.3405,-0.1092,0.3765,-0.1583,0.0428,0,0.00,0.087,0.601,0.083,SHIFT,-0.2584,-0.2167,1.6972,-0.3359,-0.1391,-0.1118,0.4604,0.2107,0.0169,1,0.00,0.162,0.179,0.040,SHIFT,-0.2188,-0.1877,1.7276,-0.2743,0.2349,-0.1173
4.901,448,placemove,0.7208,-0.0366,0.1422,-0.0266,0.0028,-0.0596,-0.1097,0.0181,0.2240,-0.5368,-0.6371,-0.0099,1.000,0.000,0.0000,-0.0000,-0.0266,0.0028,-0.0596,0.1283,1,0.9232,-0.3280,0.0361,0,0.00,0.030,0.340,0.038,SHIFT,-0.5106,-0.2147,1.7655,0.2196,-0.2761,-0.1127,0.9822,0.1837,0.0167,0,0.00,0.859,0.937,0.198,SHIFT,0.3112,-0.1737,1.8207,0.2483,0.2388,-0.1193,0.6335,-0.3771,0.0139,1,31.70,0.277,2.940,2.940,SHIFT,-0.2857,-0.0704,1.6305,-0.0666,-0.3416,-0.1377,0.7860,0.2995,0.0136,0,39.50,2.087,2.940,2.940,SHIFT,-0.1970,-0.1751,1.7471,0.0454,0.3427,-0.1195,0.3751,-0.1589,0.0249,0,0.00,0.000,0.032,0.085,SHIFT,-0.2584,-0.1500,1.6312,-0.3378,-0.1396,-0.1232,0.4619,0.2101,0.0296,0,0.00,0.025,0.481,0.004,SHIFT,-0.2188,-0.2544,1.7885,-0.2731,0.2338,-0.1059
4.975,452,placemove,0.7194,-0.0371,0.1463,-0.0144,-0.0074,-0.0597,-0.0163,-0.0518,0.3814,0.3877,0.1021,0.0142,1.000,0.000,0.0000,-0.0000,-0.0144,-0.0074,-0.0597,0.1259,1,0.9233,-0.3281,0.0292,0,0.00,0.062,0.201,0.022,SHIFT,-0.5106,-0.1509,1.7116,0.2199,-0.2766,-0.1237,0.9832,0.1852,0.0147,1,2.94,0.303,2.940,0.760,SHIFT,0.3112,-0.1117,1.7618,0.2491,0.2396,-0.1300,0.6338,-0.3750,0.0227,1,0.00,0.036,0.470,0.078,SHIFT,-0.2857,-0.1371,1.6972,-0.0662,-0.3404,-0.1261,0.7856,0.2989,0.0256,1,0.00,0.096,0.013,0.122,SHIFT,-0.1970,-0.2088,1.7868,0.0450,0.3407,-0.1137,0.3738,-0.1584,0.0143,1,31.29,1.456,2.940,2.940,SHIFT,-0.2584,-0.1020,1.5844,-0.3387,-0.1398,-0.1316,0.4603,0.2123,0.0393,0,0.00,0.119,0.300,0.003,SHIFT,-0.2188,-0.2861,1.7983,-0.2744,0.2350,-0.1004
5.081,456,placemove,0.7192,-0.0380,0.1507,-0.0077,-0.0032,-0.0595,-0.0154,-0.0538,0.1961,0.5126,0.2967,0.0112,1.000,0.000,0.0000,-0.0000,-0.0077,-0.0032,-0.0595,nan,1,0.9229,-0.3285,0.0197,0,0.00,0.001,0.136,0.077,SHIFT,-0.5106,-0.0842,1.6505,0.2202,-0.2770,-0.1353,0.9814,0.1844,0.0293,0,0.00,0.000,0.127,0.101,SHIFT,0.3112,-0.1784,1.8285,0.2479,0.2383,-0.1185,0.6338,-0.3732,0.0370,0,0.00,0.002,0.062,0.107,SHIFT,-0.2857,-0.2038,1.7638,-0.0657,-0.3385,-0.1146,0.7843,0.2970,0.0437,0,0.00,0.000,0.110,0.069,SHIFT,-0.1970,-0.2739,1.8440,0.0447,0.3392,-0.1027,0.3745,-0.1581,0.0287,0,0.00,0.001,0.087,0.104,SHIFT,-0.2584,-0.1687,1.6510,-0.3372,-0.1394,-0.1200,0.4592,0.2125,0.0399,0,0.00,0.000,0.140,0.053,SHIFT,-0.2188,-0.2371,1.7605,-0.2748,0.2354,-0.1087
5.133,460,placemove,0.7186,-0.0384,0.1535,-0.0102,-0.0084,-0.0594,-0.0515,-0.0075,0.1233,-0.4428,-0.4559,-0.0030,1.000,0.000,0.0000,-0.0000,-0.0102,-0.0084,-0.0594,0.1357,1,0.9227,-0.3289,0.0156,1,0.00,0.002,0.096,0.058,SHIFT,-0.5106,-0.0550,1.6276,0.2199,-0.2765,-0.1404,0.9795,0.1822,0.0443,0,0.00,0.008,0.097,0.103,SHIFT,0.3112,-0.2450,1.8951,0.2463,0.2365,-0.1071,0.6339,-0.3728,0.0513,0,0.00,0.006,0.077,0.025,SHIFT,-0.2857,-0.2702,1.8132,-0.0656,-0.3384,-0.1032,0.7843,0.2968,0.0502,0,0.00,0.002,0.016,0.006,SHIFT,-0.1970,-0.2888,1.8516,0.0448,0.3395,-0.1002,0.3765,-0.1582,0.0420,0,0.00,0.006,0.103,0.102,SHIFT,-0.2584,-0.2354,1.7177,-0.3349,-0.1388,-0.1086,0.4583,0.2126,0.0302,0,0.00,0.001,0.160,0.011,SHIFT,-0.2188,-0.1704,1.7008,-0.2758,0.2363,-0.1202
5.239,464,placemove,0.7177,-0.0386,0.1545,-0.0162,-0.0158,-0.0593,-0.0508,-0.0111,0.0127,-0.2679,-0.3547,0.0052,1.000,0.000,0.0000,-0.0000,-0.0162,-0.0158,-0.0593,nan,1,0.9222,-0.3290,0.0319,0,0.00,0.001,0.107,0.102,SHIFT,-0.5106,-0.1216,1.6943,0.2193,-0.2756,-0.1288,0.9781,0.1801,0.0514,0,0.00,0.000,0.337,0.011,SHIFT,0.3112,-0.2639,1.9188,0.2452,0.2353,-0.1038,0.6332,-0.3751,0.0585,0,0.00,0.003,0.019,0.007,SHIFT,-0.2857,-0.2879,1.8180,-0.0659,-0.3394,-0.1002,0.7844,0.2964,0.0439,0,0.00,0.003,0.191,0.044,SHIFT,-0.1970,-0.2462,1.8183,0.0449,0.3401,-0.1073,0.3763,-0.1591,0.0478,0,0.00,0.003,0.323,0.004,SHIFT,-0.2584,-0.2587,1.7312,-0.3354,-0.1389,-0.1045,0.4575,0.2124,0.0163,0,0.00,0.004,0.130,0.094,SHIFT,-0.2188,-0.1037,1.6344,-0.2769,0.2373,-0.1318
5.316,468,placemove,0.7182,-0.0398,0.1548,-0.0012,-0.0002,-0.0608,0.0449,-0.0829,-0.0446,0.8139,0.6825,-0.0802,1.000,0.000,0.0000,-0.0000,-0.0012,-0.0002,-0.0608,0.1317,1,0.9198,-0.3270,0.0374,0,0.00,0.000,0.098,0.102,SHIFT,-0.5106,-0.1883,1.7609,0.2184,-0.2741,-0.1172,0.9783,0.1811,0.0411,0,0.00,0.007,0.104,0.088,SHIFT,0.3112,-0.1974,1.8590,0.2463,0.2366,-0.1151,0.6319,-0.3747,0.0557,0,0.00,0.003,0.001,0.001,SHIFT,-0.2857,-0.2889,1.8183,-0.0659,-0.3395,-0.1000,0.7843,0.2987,0.0368,0,0.00,0.004,0.102,0.098,SHIFT,-0.1970,-0.1796,1.7533,0.0454,0.3423,-0.1187,0.3738,-0.1586,0.0403,0,0.00,0.008,0.110,0.076,SHIFT,-0.2584,-0.1928,1.6717,-0.3369,-0.1394,-0.1158,0.4575,0.2125,0.0210,1,0.00,0.000,0.097,0.105,SHIFT,-0.2188,-0.1065,1.6491,-0.2756,0.2361,-0.1313
5.437,472,placemove,0.7190,-0.0411,0.1526,0.0107,0.0109,-0.0621,0.0428,-0.0782,-0.1937,0.5441,0.4394,-0.0780,1.000,0.000,0.0000,-0.0000,0.0107,0.0109,-0.0621,nan,1,0.9194,-0.3279,0.0390,0,0.00,0.002,0.136,0.049,SHIFT,-0.5106,-0.2337,1.7850,0.2192,-0.2754,-0.1095,0.9795,0.1824,0.0278,0,0.00,0.002,0.105,0.097,SHIFT,0.3112,-0.1308,1.7923,0.2476,0.2380,-0.1266,0.6311,-0.3747,0.0504,0,0.00,0.001,0.009,0.001,SHIFT,-0.2857,-0.2890,1.8183,-0.0659,-0.3395,-0.1000,0.7846,0.3006,0.0271,0,0.00,0.002,0.095,0.098,SHIFT,-0.1970,-0.1129,1.6866,0.0457,0.3439,-0.1303,0.3712,-0.1582,0.0292,0,0.00,0.006,0.098,0.098,SHIFT,-0.2584,-0.1261,1.6051,-0.3387,-0.1398,-0.1274,0.4583,0.2120,0.0368,0,0.00,0.001,0.110,0.103,SHIFT,-0.2188,-0.1732,1.7157,-0.2744,0.2350,-0.1198
5.507,476,placemove,0.7191,-0.0423,0.1492,0.0220,0.0086,-0.0587,0.0097,-0.0481,-0.1354,0.6584,0.7319,0.2966,1.000,0.000,0.0000,-0.0000,0.0220,0.0086,-0.0587,nan,1,0.9216,-0.3290,0.0233,0,0.00,0.018,0.246,0.058,SHIFT,-0.5106,-0.1701,1.7243,0.2201,-0.2769,-0.1204,0.9804,0.1842,0.0160,0,0.00,2.081,2.778,0.244,SHIFT,0.3112,-0.0641,1.7256,0.2484,0.2388,-0.1382,0.6324,-0.3752,0.0389,0,0.00,0.012,0.089,0.053,SHIFT,-0.2857,-0.2568,1.7948,-0.0660,-0.3397,-0.1055,0.7845,0.3020,0.0159,0,0.00,0.051,0.158,0.012,SHIFT,-0.1970,-0.0462,1.6232,0.0458,0.3444,-0.1419,0.3710,-0.1589,0.0133,0,31.17,2.940,2.940,2.940,SHIFT,-0.2593,-0.0774,1.5571,-0.3395,-0.1398,-0.1358,0.4600,0.2094,0.0464,0,0.00,0.051,0.590,0.023,SHIFT,-0.2188,-0.2399,1.7815,-0.2727,0.2334,-0.1084
5.667,480,placemove,0.7190,-0.0440,0.1507,0.0268,-0.0060,-0.0581,-0.0765,-0.0435,0.1102,-1.1546,-1.2206,-0.0223,1.000,0.000,0.0000,-0.0000,0.0268,-0.0060,-0.0581,0.1325,1,0.9233,-0.3289,0.0134,1,8.33,0.591,1.107,2.940,SHIFT,-0.5106,-0.1073,1.6770,0.2197,-0.2762,-0.1313,0.9806,0.1831,0.0195,1,0.00,0.117,0.113,0.101,SHIFT,0.3112,-0.0687,1.7398,0.2474,0.2377,-0.1372,0.6335,-0.3774,0.0249,0,0.00,0.068,0.066,0.088,SHIFT,-0.2857,-0.1902,1.7313,-0.0666,-0.3417,-0.1168,0.7848,0.2986,0.0181,1,0.00,0.092,0.109,0.094,SHIFT,-0.1970,-0.0510,1.6465,0.0452,0.3416,-0.1410,0.3730,-0.1602,0.0177,1,0.00,0.104,0.122,0.096,SHIFT,-0.2584,-0.1326,1.6084,-0.3390,-0.1399,-0.1262,0.4592,0.2098,0.0471,0,0.00,0.016,0.109,0.034,SHIFT,-0.2188,-0.2256,1.7546,-0.2745,0.2351,-0.1107
